Location1Error_T-15_D0.1_Dir0,Location1Error_T-15_D0.1_Dir1,Location1Error_T-15_D0.25_Dir0,Location1Error_T-15_D0.25_Dir1,Location1Error_T-15_D0.5_Dir0,Location1Error_T-15_D0.5_Dir1,Location1Error_T0_D0.1_Dir0,Location1Error_T0_D0.1_Dir1,Location1Error_T0_D0.25_Dir0,Location1Error_T0_D0.25_Dir1,Location1Error_T0_D0.5_Dir0,Location1Error_T0_D0.5_Dir1,Location1Error_T9_D0.1_Dir0,Location1Error_T9_D0.1_Dir1,Location1Error_T9_D0.25_Dir0,Location1Error_T9_D0.25_Dir1,Location1Error_T9_D0.5_Dir0,Location1Error_T9_D0.5_Dir1,Location2Error_T-15_D0.1_Dir0,Location2Error_T-15_D0.1_Dir1,Location2Error_T-15_D0.25_Dir0,Location2Error_T-15_D0.25_Dir1,Location2Error_T-15_D0.5_Dir0,Location2Error_T-15_D0.5_Dir1,Location2Error_T0_D0.1_Dir0,Location2Error_T0_D0.1_Dir1,Location2Error_T0_D0.25_Dir0,Location2Error_T0_D0.25_Dir1,Location2Error_T0_D0.5_Dir0,Location2Error_T0_D0.5_Dir1,Location2Error_T9_D0.1_Dir0,Location2Error_T9_D0.1_Dir1,Location2Error_T9_D0.25_Dir0,Location2Error_T9_D0.25_Dir1,Location2Error_T9_D0.5_Dir0,Location2Error_T9_D0.5_Dir1,Location3Error_T-15_D0.1_Dir0,Location3Error_T-15_D0.1_Dir1,Location3Error_T-15_D0.25_Dir0,Location3Error_T-15_D0.25_Dir1,Location3Error_T-15_D0.5_Dir0,Location3Error_T-15_D0.5_Dir1,Location3Error_T0_D0.1_Dir0,Location3Error_T0_D0.1_Dir1,Location3Error_T0_D0.25_Dir0,Location3Error_T0_D0.25_Dir1,Location3Error_T0_D0.5_Dir0,Location3Error_T0_D0.5_Dir1,Location3Error_T9_D0.1_Dir0,Location3Error_T9_D0.1_Dir1,Location3Error_T9_D0.25_Dir0,Location3Error_T9_D0.25_Dir1,Location3Error_T9_D0.5_Dir0,Location3Error_T9_D0.5_Dir1
0.0,0.0,0.0,0.0,0.0,0.0,0.0,0.0,0.0,0.06944445,0.0,0.0,0.15847219999999995,0.0,0.0,0.04708337,0.0,0.0,0.27513889999999996,0.4527778,0.4834722,0.5081945,0.3806944,0.4694445,0.31944439999999996,0.51375,0.4611111,0.43875,0.5251389,0.4555556,0.5140277,0.4027778,0.36124999999999996,0.2804167,0.3805556,0.2083333,0.0,0.0,0.0,0.0,0.0,0.0,0.0,0.0,0.0,0.14458329999999997,0.0,0.0,0.1220834,0.0,0.0,0.0,0.0,0.0
0.0,0.0,0.0,0.0,0.0,0.0,0.0,0.0,0.0,0.0,0.0,0.0,0.0,0.0,0.0,0.0,0.0,0.0,0.5111110999999999,0.4388889,0.3138889,0.4,0.3584722,0.5888889,0.3806944,0.5026389,0.3833333,0.3972222,0.15013889999999996,0.4359722,0.43069440000000003,0.3470834,0.25013890000000005,0.4277778,0.5611111,0.3443056,0.0,0.0,0.0,0.0,0.0,0.0,0.0,0.0,0.0,0.0,0.0,0.0,0.0,0.0,0.0,0.0,0.0,0.0
0.0,0.0,0.0,0.0,0.0,0.0,0.0,0.0,0.0,0.0,0.0,0.0,0.0,0.0,0.0,0.0,0.0,0.0,0.2806944,0.4526389,0.12791660000000005,0.3526389,0.4195833,0.0,0.3501388,0.325,0.3140277,0.4748611,0.35013890000000003,0.3859723,0.35833329999999997,0.4165278,0.27513889999999996,0.2611111,0.3222222,0.1248611,0.0,0.0,0.0,0.0,0.0,0.0,0.0,0.0,0.0,0.0,0.0,0.0,0.0,0.0,0.0,0.0,0.0,0.0
0.0,0.0,0.0,0.0,0.0,0.0,0.0,0.0,0.0,0.0,0.0,0.0,0.0,0.0,0.0,0.0,0.0,0.0,0.4056944,0.2609723,0.23069439999999997,0.2220834,0.0,0.3609723,0.32236109999999996,0.3859723,0.48069439999999997,0.2166667,0.3501388,0.4248611,0.2555556,0.2665278,0.22513879999999997,0.2026389,0.3334722,0.2748612,0.0,0.0,0.0,0.0,0.0,0.00013890000000005287,0.0,0.0,0.0,0.0,0.0,0.002916600000000047,0.0,0.0,0.0,0.0,0.0,0.0
0.005555599999999994,0.0,0.0,0.0,0.0,0.0,0.0,0.0,0.0,0.0,0.0,0.0,0.0,0.0,0.0,0.0,0.0,0.0,0.27791659999999996,0.4054167,0.14444449999999998,0.0,0.17236110000000004,0.0,0.33069440000000005,0.4998612,0.3611111,0.3944444,0.0,0.0,0.3029166,0.2276389,0.3140277,0.2859723,0.0,0.2859723,0.0,0.0,0.0,0.0027778000000000524,0.0,0.0,0.0,0.0,0.0,0.0,0.0,0.0,0.0,0.0,0.0,0.0,0.0,0.005555599999999994
0.0,0.0,0.0,0.0,0.0,0.0,0.011249999999999982,0.0,0.0,0.0,0.0,0.0,0.005694399999999988,0.0,0.0,0.0,0.0,0.0,0.06944439999999996,0.3833333,0.0,0.3248611,0.29180550000000005,0.0,0.5668055000000001,0.2831945,0.2112499,0.2359723,0.0,0.0,0.2723611,0.4193056,0.4529166,0.3081945,0.3279166,0.2138889,0.0,0.0,0.0,0.0,0.0,0.0,0.0,0.0,0.0,0.0,0.0,0.0,0.0,0.0,0.0,0.0,0.0,0.0
0.005694399999999988,0.0,0.0,0.0,0.0,0.0,0.0,0.0,0.0,0.0,0.0,0.0,0.0,0.0,0.0,0.0,0.0,0.0,0.32236109999999996,0.5194445,0.0,0.4720834,0.2140278,0.0,0.25,0.3720834,0.10013879999999997,0.0,0.0,0.0,0.30013880000000004,0.26375,0.11402769999999995,0.4304167,0.08888890000000005,0.0,0.0,0.0,0.0,0.0,0.0,0.0,0.0,0.0,0.0,0.0,0.0,0.0,0.0,0.0,0.0,0.0,0.0,0.0
0.0,0.0,0.0,0.0,0.0,0.0,0.0,0.0,0.0,0.0,0.0,0.0,0.0,0.0,0.0,0.0,0.0,0.0,0.0,0.2443056,0.2029166,0.0,0.0,0.36375,0.21958330000000004,0.33875,0.0,0.36375,0.0,0.28875,0.23624999999999996,0.2943056,0.27791659999999996,0.0,0.0,0.0,0.0,0.0,0.0,0.0,0.0,0.0,0.0,0.0,0.0,0.03347219999999995,0.0,0.0,0.0,0.0,0.0,0.0,0.0,0.0
0.0,0.0,0.0,0.0,0.0,0.0,0.30000000000000004,0.0,0.0,0.0,0.0,0.5166667,0.00847220000000004,0.0,0.0,0.0,0.0,0.0,0.23902769999999995,0.38875,0.1223611,0.0,0.1695833,0.2804167,0.30000000000000004,0.3498611,0.0,0.1470834,0.0,0.5166667,0.2029166,0.3166667,0.23069439999999997,0.0,0.0,0.0,0.0,0.03069440000000001,0.0,0.0,0.0,0.0,0.1388889,0.002916600000000047,0.0,0.002916600000000047,0.0,0.15000000000000002,0.0,0.0,0.0,0.0,0.0,0.0
0.0,0.1611111,0.005555599999999994,0.0,0.0,0.3611111,0.37222219999999995,0.0,0.0,0.1638889,0.2583333,0.2916667,0.0,0.0,0.0,0.4222222,0.0,0.5833333,0.36402769999999995,0.1611111,0.2473611,0.3554167,0.0,0.3611111,0.37222219999999995,0.2081945,0.4529166,0.1638889,0.2583333,0.2916667,0.3251389,0.3498611,0.17791659999999998,0.4638889,0.0,0.5833333,0.0,0.3027778,0.0,0.0,0.0,0.4277778,0.3861111,0.0,0.0,0.4,0.03611111,0.5666667000000001,0.0,0.0,0.0,0.30555560000000004,0.0,0.25277780000000005
0.1722222,0.1638889,0.15555549999999996,0.3833333,0.11124999999999996,0.6722222,0.19722220000000001,0.1333333,0.3027778,0.2166667,0.5111110999999999,0.6611111,0.16666669999999995,0.5527778,0.21388890000000005,0.5277778,0.30555560000000004,0.3777778,0.1722222,0.6138889,0.15555549999999996,0.3833333,0.11124999999999996,0.6722222,0.19722220000000001,0.1333333,0.3027778,0.2166667,0.5111110999999999,0.6611111,0.16666669999999995,0.5527778,0.21388890000000005,0.5277778,0.30555560000000004,0.3777778,0.4472222,0.07513890000000001,0.2166667,0.2888889,0.1581945,0.0,0.125,0.5277778,0.2777778,0.36388889999999996,0.2805555,0.14722219999999997,0.1194444,0.2888889,0.3777778,0.19166669999999997,0.08611107,0.31666669999999997
0.26680550000000003,0.1805556,0.061111099999999974,0.3638889,0.2416667,0.4333333,0.2556944,0.4555556,0.28611109999999995,0.225,0.34722220000000004,0.825,0.28611109999999995,0.7222222,0.13888889999999998,0.2638889,0.2888889,0.4666667,0.26680550000000003,0.4833333,0.061111099999999974,0.3638889,0.2416667,0.4333333,0.2556944,0.4555556,0.28611109999999995,0.225,0.34722220000000004,0.825,0.28611109999999995,0.7222222,0.13888889999999998,0.2638889,0.2888889,0.4666667,0.06652781,0.02222219999999997,0.2666667,0.26125,0.1777778,0.32499999999999996,0.3609723,0.3055555,0.08333334,0.23055550000000002,0.5472222,0.027777799999999964,0.4138889,0.07777780000000001,0.3611111,0.34444450000000004,0.2222222,0.2555556
0.3222222,0.0,0.14722219999999997,0.0,0.125,0.2555556,0.35833329999999997,0.3222222,0.09444450000000004,0.3833333,0.18333330000000003,0.1777778,0.3111111,0.2583333,0.04722219999999999,0.2944444,0.32236109999999996,0.5777778,0.3222222,0.4583333,0.45555559999999995,0.3916667,0.125,0.2555556,0.35833329999999997,0.3222222,0.09444450000000004,0.3833333,0.18333330000000003,0.1777778,0.3111111,0.2583333,0.04722219999999999,0.2944444,0.32236109999999996,0.5777778,0.3916667,0.0,0.2555556,0.0,0.4583333,0.29444440000000005,0.2055556,0.33888890000000005,0.675,0.6166667,0.1666667,0.46388890000000005,0.2638889,0.5527778,0.5861111,0.5555555999999999,0.1359723,0.30000000000000004
0.20833330000000005,0.0,0.0,0.0,0.36388889999999996,0.0,0.38611110000000004,0.2638889,0.29444440000000005,0.4416667,0.1695833,0.3277778,0.4277778,0.35,0.030555499999999958,0.2472222,0.29444440000000005,0.4027778,0.20833330000000005,0.4804167,0.41944440000000005,0.4970834,0.36388889999999996,0.4470834,0.38611110000000004,0.2638889,0.29444440000000005,0.4416667,0.1695833,0.3277778,0.4277778,0.35,0.030555499999999958,0.2472222,0.29444440000000005,0.4027778,0.3194444,0.07513890000000001,0.1722222,0.03069440000000001,0.2777778,0.25847220000000004,0.0,0.6694443999999999,0.4694445,0.44999999999999996,0.1748611,0.25277780000000005,0.1666667,0.33055559999999995,0.7611111,0.4472222,0.2055556,0.34166660000000004
0.13902769999999998,0.0,0.29736110000000004,0.0,0.17513880000000004,0.0,0.475,0.2027778,0.44999999999999996,0.0,0.4388889,0.3583333,0.19722220000000001,0.2277778,0.11666670000000001,0.3694444,0.3111111,0.1916667,0.4918055,0.4472222,0.29736110000000004,0.51375,0.5751389,0.0,0.475,0.2027778,0.44999999999999996,0.0,0.4388889,0.3583333,0.19722220000000001,0.2277778,0.11666670000000001,0.3694444,0.3111111,0.1916667,0.1248612,0.0,0.05819448,0.0,0.06652781,0.2556944,0.2222222,0.08055559999999995,0.1055556,0.5333333,0.3277778,0.23888889999999996,0.0,0.32499999999999996,0.3333333,0.3222222,0.3555556,0.43055560000000004
0.12791660000000005,0.0,0.18069440000000003,0.0,0.3501388,0.5,0.2027778,0.3305556,0.3222222,0.1722222,0.3611111,0.6638889,0.2027778,0.6888889,0.3888889,0.1861111,0.3027778,0.2111111,0.5140277,0.4359722,0.18069440000000003,0.4472222,0.93624996,0.5,0.2027778,0.3305556,0.3222222,0.1722222,0.3611111,0.6638889,0.2027778,0.6888889,0.3888889,0.1861111,0.3027778,0.2111111,0.09152781,0.0,0.0,0.0,0.6415278,0.07910589999999995,0.3472222,0.35277780000000003,0.325,0.7083333,0.4611111,0.19722220000000001,0.01666667,0.3111111,0.2333333,0.3666667,0.3194444,0.46388890000000005
0.0,0.0,0.14620489999999997,0.0,0.3584722,0.5975987,0.3027778,0.1583333,0.4388889,0.1944444,0.3805556,0.1694444,0.30833330000000003,0.5194445,0.09444450000000004,0.2805555,0.21666660000000004,0.3277778,0.5333333,0.4804167,0.4999996,0.4915278,0.3584722,0.5975987,0.3027778,0.1583333,0.4388889,0.1944444,0.3805556,0.1694444,0.30833330000000003,0.5194445,0.09444450000000004,0.2805555,0.21666660000000004,0.3277778,0.0,0.0,0.009973967,0.0,0.04152781,0.1299382,0.3944444,0.31666669999999997,0.4083333,0.38611110000000004,0.2248611,0.4361111,0.3472222,0.30000000000000004,0.2722222,0.5527778,0.2388889,0.23888889999999996
0.0,0.0,0.15950489999999995,0.0,0.2556944,0.0,0.39722219999999997,0.5388889,0.475,0.09166667,0.5305555,0.2998611,0.30555560000000004,0.3444445,0.45833330000000005,0.3222222,0.04722219999999999,0.1777778,0.5111110999999999,0.4888889,0.15950489999999995,0.4277778,0.2556944,0.0,0.39722219999999997,0.5388889,0.475,0.5081945,0.5305555,0.63875,0.30555560000000004,0.3444445,0.45833330000000005,0.3222222,0.04722219999999999,0.1777778,0.0,0.0,0.1634047,0.027777799999999964,0.06097225,0.05580620000000003,0.1416667,0.35833329999999997,0.4194444,0.15291659999999996,0.4027778,0.2723611,0.2333333,0.38611110000000004,0.2304167,0.4138889,0.05555556,0.46388890000000005
0.0,0.0,0.015140200000000048,0.0,0.18625000000000003,0.0,0.21388890000000005,0.2248611,0.23055550000000002,0.0,0.28347219999999995,0.0,0.2416667,0.3138889,0.0,0.3138889,0.31666669999999997,0.0,0.5138889,0.4609722,0.015140200000000048,0.4554167,0.18625000000000003,0.0,0.5166667,0.4915278,0.23055550000000002,0.4609722,0.93902775,0.4109723,0.2416667,0.3138889,0.46944450000000004,0.5472222,0.31666669999999997,0.4388889,0.0,0.17236110000000004,0.06580595,0.0,0.03597226,0.0,0.2138889,0.23069439999999997,0.6861111,0.002916600000000047,0.63875,0.06402770000000002,0.2638889,0.4861111,0.0,0.12777780000000005,0.2388889,0.15291659999999996
0.0,0.0,0.10460559999999997,0.0,0.30013880000000004,0.004807009,0.0,0.1694444,0.0,0.0,0.2112499,0.0,0.25847220000000004,0.3444445,0.3390278,0.1694444,0.35291669999999997,0.1694444,0.55,0.0,0.10460559999999997,0.5,0.30013880000000004,0.004807009,0.5527778,0.5694444,0.48888889999999996,0.3972222,0.2112499,0.0,0.5418054999999999,0.3444445,0.3390278,0.4276389,0.35291669999999997,0.5972222,0.0,0.41402779999999995,0.1003723,0.0,0.0,0.03953989999999996,0.1055556,0.12222219999999995,0.0,0.0,0.03319448,0.2556944,0.2276389,0.46388890000000005,0.08875003,0.15291659999999996,0.1970833,0.06388890000000003
0.03347219999999995,0.6665278,0.1279049,0.05819448,0.07410589999999995,0.05360631,0.0,0.0,0.0,0.0,0.23624999999999996,0.0,0.0,0.0,0.39180550000000003,0.0,0.0,0.1583333,0.5501389,0.6665278,0.1279049,0.46375,0.06190620000000002,0.05360631,0.5972222,0.3722222,0.5695833,0.58875,0.23624999999999996,0.0,0.41111109999999995,0.4805556,0.39180550000000003,0.5026389,0.19166669999999997,0.4833333,0.0,0.90291663,0.1929707,0.21958330000000004,0.02920663,0.023273199999999994,0.0,0.0,0.0,0.0,0.06375004,0.2640277,0.05833333,0.11402769999999995,0.04986114,0.0,0.15,0.2444444
0.16680550000000005,0.0,0.14620489999999997,0.0,0.08630590000000005,0.0,0.0,0.0,0.18625000000000003,0.0,0.19736109999999996,0.0,0.0,0.0,0.25291660000000005,0.0,0.48902769999999995,0.0,0.5862499999999999,0.0,0.14620489999999997,0.0,0.08630590000000005,0.2976026,0.5779166,0.4331945,0.5834722,0.4443056,0.19736109999999996,0.0,0.44166669999999997,0.5527778,0.25291660000000005,0.5165278,0.48902769999999995,0.5527778,0.11375,0.2556944,0.177638,0.22236109999999998,0.1491717,0.0029401999999999484,0.0,0.1168055,0.03319448,0.0,0.02763892,0.3084722,0.0,0.0861111,0.05819448,0.0,0.01375003,0.0
0.36958329999999995,0.2966697,0.00700679999999998,0.0,0.09647209999999995,0.0,0.0,0.0,0.5195833000000001,0.0,0.16125,0.0,0.0,0.0,0.24458329999999995,0.0,0.4056944,0.0,0.36958329999999995,0.7358634,0.00700679999999998,0.2907628,0.09647209999999995,0.0,0.5111110999999999,0.4359722,0.93902775,0.4331945,0.16125,0.0,0.4861111,0.4638889,0.24458329999999995,0.4666667,0.98069441,0.1833333,0.0554167,0.0,0.01700657,0.11144540000000003,0.1166386,0.0029401999999999484,0.0,0.0,0.4720834,0.14458329999999997,0.0554167,0.28347219999999995,0.0,0.0,0.04430559,0.0,0.6443056,0.0
0.32236109999999996,0.0,0.017173499999999953,0.1756047,0.12493849999999995,0.0007402693,0.0,0.0,0.2001389,0.0,0.2723611,0.0,0.0,0.0,0.27513889999999996,0.0,0.3334722,0.0,0.994583299,0.4168274,0.017173499999999953,0.6879975,0.12493849999999995,0.0007402693,0.4805555,0.4526389,0.41125,0.46375,0.2723611,0.0,0.47777780000000003,0.5361111,0.27513889999999996,0.4081945,0.3334722,0.0,0.6720834,0.10534580000000004,0.03530666,0.07817249999999998,0.2284703,0.0,0.0,0.0,0.04152781,0.19180549999999996,0.03597226,0.2418055,0.0,0.0,0.005416701,0.2112499,0.0804167,0.3806944
0.35291669999999997,0.5,0.013106900000000032,0.218304,0.16357120000000003,0.8334621,0.0,0.2470834,0.26125,0.0,0.17236110000000004,0.0,0.0,0.0,0.2418055,0.0,0.27513889999999996,0.0,0.35291669999999997,0.5,0.45230060000000005,0.218304,0.16357120000000003,0.6513977,0.49722219999999995,0.5331945,0.26125,0.0,0.17236110000000004,0.0,0.5777778,0.4777778,0.2418055,0.5026389,0.93902775,0.0,0.03875003,0.041572799999999965,0.0,0.1859379,0.1817043,0.6373317000000001,0.0,0.2084722,0.0554167,0.27791659999999996,0.0,1.0,0.0,0.0,0.0,0.17513880000000004,0.6554167,0.19736109999999996
0.26680550000000003,0.5,0.0,0.5,0.11163909999999999,0.02107326,0.48902769999999995,0.0,0.26125,0.0,0.23347220000000002,0.0,0.0,0.0,0.12791660000000005,0.0,0.19180549999999996,0.7276389,0.26680550000000003,0.5,0.0,0.5,0.11163909999999999,0.2000044,0.96124997,0.0,0.26125,0.0,0.23347220000000002,0.0,0.6055556,0.5,0.12791660000000005,0.0,0.19180549999999996,0.7276389,0.04708337,0.015140200000000048,0.03734,0.0,0.2000044,0.647498,0.046375,0.3501388,0.02208337,0.25291660000000005,0.02208337,0.20569440000000005,0.0,0.0,0.0,0.3029166,0.13875,0.9195833
0.08317260000000004,0.2173705,0.0,0.432901,0.1441713,0.1889047,0.3473611,0.0,0.2084722,0.0,0.23624999999999996,0.2133043,0.0,0.0,0.2001389,0.0,0.23347220000000002,0.0,0.08317260000000004,0.2173705,0.0,0.432901,0.1441713,0.2621037,0.95847219,0.0,0.2084722,0.0,0.23624999999999996,0.2133043,0.48888889999999996,0.4998612,0.2001389,0.0,0.23347220000000002,0.0,0.2397365,0.20313769999999998,0.01903992,0.03547319999999998,0.2284703,0.425868,0.61375,0.18069440000000003,0.02763892,0.30569440000000003,0.0,0.11773809999999996,0.0,0.0,0.0,0.29180550000000005,0.06652781,0.2945833
0.06190620000000002,0.01903992,0.017173499999999953,0.3129359,0.0,0.1674713,0.31680549999999996,0.0,0.22791669999999997,0.0,0.10553900000000005,0.0,0.0,0.0,0.18902770000000002,0.0,0.22791669999999997,0.0,0.94029367,0.01903992,0.48076700000000006,0.3129359,0.0,0.2691367,0.31680549999999996,0.0,0.22791669999999997,0.0,0.10553900000000005,0.0,0.55,0.5526389,0.18902770000000002,0.0,0.22791669999999997,0.0,0.06783973,0.0375065,0.01294032,0.1168053,0.0,0.314036,0.07208337,0.3195833,0.06930559,0.23902769999999995,0.2885363,0.0,0.0,0.0,0.0,0.25847220000000004,0.0804167,0.30569440000000003
0.07003919999999997,0.0,0.0,0.002773612,0.017173499999999953,0.7704293,0.19458330000000001,0.0,0.30013880000000004,0.0,0.0,0.211271,0.35569439999999997,0.0,0.0,0.0,0.2640277,0.0,0.07003919999999997,0.0,0.41163459999999996,0.0,0.017173499999999953,0.5203326,0.19458330000000001,0.0,0.30013880000000004,0.0,0.0,0.211271,0.9195833,0.0,0.5022265,0.0,0.2640277,0.0,0.3687683,0.027339800000000025,0.01294032,0.015140200000000048,0.01090698,0.7439972,0.04708337,0.25013890000000005,0.0,0.20569440000000005,0.0,0.19093760000000004,0.5859722,0.2723611,0.0,0.33069440000000005,0.005416701,0.2112499
0.09037209999999996,0.01700657,0.0,0.0,0.0,0.1929709,0.25291660000000005,0.0,0.0,0.0,0.0,0.09943891,0.22513879999999997,0.0,0.0,0.0,0.2723611,0.0,0.09037209999999996,0.01700657,0.0,0.0,0.0,0.292603,0.25291660000000005,0.0,0.5144261,0.0,0.0,0.09943891,0.22513879999999997,0.0,0.5184933,0.0,0.2723611,0.0,0.311836,0.0,0.03734,0.031406500000000004,0.01294032,0.26413660000000005,0.07208337,0.3029166,0.0,0.1556944,0.0,0.1136724,0.002638923,0.26958329999999997,0.06874599,0.34458330000000004,0.0,0.32236109999999996
0.15230500000000002,0.02107326,0.04250620000000005,0.0,0.013106900000000032,1.0,0.21680549999999998,0.8081945,0.0,0.0,0.045639500000000055,0.0,0.19180549999999996,0.0,0.0,0.0,0.2140278,0.0,0.15230500000000002,0.02107326,0.1380715,0.0,0.013106900000000032,0.0,0.21680549999999998,0.0,0.2846632,0.0,0.25507029999999997,0.2643293,0.19180549999999996,0.0,0.3761614,0.0,0.2140278,0.0,0.2040706,0.0,0.1279053,0.009040200000000054,0.0,0.6787380000000001,0.01097226,0.2084722,0.3086761,0.22791669999999997,0.2671033,0.0565464,0.05263892,0.27791659999999996,0.1643118,0.3362499,0.0,0.2029166
0.013106900000000032,0.02107326,0.8996277,0.002773612,0.0,0.2926029,0.18625000000000003,0.0,0.0,0.0,0.1218053,0.0,0.20569440000000005,0.0,0.0,0.0,0.0628396,0.0,0.013106900000000032,0.02107326,0.7084969999999999,0.0007402693,0.4746669,0.6850305,0.18625000000000003,0.0,0.48799349999999997,0.0,0.1218053,0.2500964,0.20569440000000005,0.0,0.45749379999999995,0.0,0.0628396,0.0,0.0,0.0,0.4989,0.011073499999999958,0.0,0.0,0.0554167,0.23069439999999997,0.0,0.2001389,0.08613892,0.18667820000000002,0.0,0.3473611,0.0,0.2806944,0.2458365,0.18902770000000002
0.02123980000000003,0.0,0.1818712,0.0,0.0,0.3565687,0.16402779999999995,0.3007359,0.0,0.0,0.00700679999999998,0.0,0.16402779999999995,0.0,0.0,0.0,0.0,0.06487297,0.02123980000000003,0.5090663,0.27133660000000004,0.0,0.5437993,0.09630563,0.16402779999999995,0.5,0.0,0.2317967,0.24693690000000001,0.3395617,0.16402779999999995,0.0,0.2907628,0.0,0.0,0.06487297,0.006840297,0.0,0.3159027,0.0,0.01090698,0.1107051,0.0,0.0,0.0,0.16837820000000003,0.1613713,0.0,0.0,0.25847220000000004,0.1643114,0.2084722,0.1582118,0.5101667
0.057839500000000044,0.03937291,0.21737059999999997,0.004806954,0.0,0.5,0.17236110000000004,0.1410383,0.0,0.08520588,0.0,0.02623989,0.17791659999999998,0.0,0.0,0.0323399,0.0,0.144172,0.057839500000000044,0.03937291,0.3820683,0.004806954,0.0,0.1674713,0.17236110000000004,0.3972346,0.0,0.08520588,0.4990666,0.4369672,0.17791659999999998,0.0,0.43309410000000004,0.2905696,0.0,0.2763367,0.02920663,0.0,0.1421383,0.0,0.0,0.08427260000000003,0.0,0.2022043,0.0902056,0.1441717,0.04140625,0.0,0.0,0.3029166,0.0,0.0,0.0,0.16247120000000004
0.0,0.0,0.12790520000000005,0.01903997,0.0,0.5,0.18902770000000002,0.2133039,0.027339800000000025,0.0,0.0,0.0,0.2029166,0.0,0.0,0.02013981,0.0,0.0,0.5112666,0.4928,0.21533769999999997,0.4928,0.0,0.1756047,0.18902770000000002,0.5447327,0.27336990000000005,0.4704337,0.3700614,0.0,0.2029166,0.0,0.23179720000000004,0.3271684,0.0,0.1809644,0.02107326,0.019206500000000015,0.1279043,0.0,0.01903992,0.13713810000000004,0.0,0.0,0.01497367,0.02123980000000003,0.0,0.0,0.0,0.26125,0.0,0.09740610000000005,0.01294032,0.06874559999999996
0.0,0.8517622,0.22753730000000005,0.03530666,0.0,0.06173968,0.18077089999999996,0.0,0.0,0.2295707,0.0,0.03530666,0.0,0.0,0.0,0.0,0.03030619999999995,0.0,0.4685673,0.7541634,0.2824367,0.311836,0.49703319999999995,0.1939043,0.4695003,0.4188607,0.4238347,0.5223663,0.2968628,0.2162707,0.30499620000000005,0.0,0.5001931,0.0,0.44416770000000005,0.0,0.01294032,0.7175628000000001,0.2865026,0.0,0.004806954,0.1025722,0.178738,0.0,0.0,0.018106500000000025,0.0,0.03953989999999996,0.4266073,0.19736109999999996,0.0,0.13787879999999997,0.06580593,0.3086767
0.0,0.009973662,0.27837,0.0,0.93919367,0.09223894,0.0,0.05767299,0.017173499999999953,0.1075723,0.0,0.5,0.0,0.2092377,0.0,0.0,0.0,0.0,0.42790090000000003,0.009973662,0.3841021,0.0,0.8436283,0.09223894,0.42699410000000004,0.4297677,0.48076700000000006,0.4471345,0.3293958,0.7977958,0.4005615,0.6850311,0.41570130000000005,0.1301313,0.34566209999999997,0.2643293,0.01903992,0.5142334,0.2081373,0.0375065,0.7704294,0.049706200000000034,0.07077977,0.06597240000000004,0.09833895,0.16857120000000003,0.03937291,0.015140200000000048,0.07484604,0.0,0.03734,0.0,0.09314573,0.0
0.0,0.9371608,0.1807708,0.1563716,0.12790520000000005,0.01090698,0.0,0.08410598,0.013106900000000032,0.04750628,0.0,0.2813363,0.0,0.0,0.036406200000000055,0.0,0.0,0.0,0.98502633,0.7907628,0.35360179999999997,0.3617353,0.12790520000000005,0.01090698,0.5347591,0.5212664,0.72883,0.358602,0.0,0.7388297,0.4330942,0.4940931,0.4767002,0.23993,0.5641327,0.4086944,0.01497367,0.5101663000000001,0.1909377,0.43086769999999996,0.353602,0.013106900000000032,0.0,0.03343989999999997,0.05360631,0.12493849999999995,0.02717329,0.09037209999999996,0.1785447,0.026046800000000037,0.02920663,0.0036804999999999755,0.01903992,0.0
0.90979437,0.2295703,0.05580620000000003,0.0,0.93716082,0.2162707,0.0,0.06173968,0.12493849999999995,0.0,0.09850550000000002,0.1552713,0.0,0.0,0.5,0.0,0.0,0.0,0.7145969999999999,0.4959329,0.22863730000000004,0.1707973,0.93716082,0.2162707,0.4717268,0.4033347,0.27133660000000004,0.3016693,0.09850550000000002,0.1552713,0.48686700000000005,0.4310603,0.5,0.4513937,0.15747109999999997,0.4310608,0.425701,0.2539703,0.2000044,0.5872397,0.7338296,0.04767279999999996,0.0,0.09647209999999995,0.07393929,0.027339800000000025,0.2000044,0.18390459999999997,0.02717329,0.09314630000000002,0.05767299,0.0,0.02920663,0.0
0.16247120000000004,0.5,0.06190620000000002,0.2153372,0.7704298,0.179671,0.0,0.04750628,0.057839500000000044,0.03937291,0.20423760000000002,0.2813363,0.0,0.5,0.11883849999999996,0.04343959,0.0,0.0,0.23160360000000002,0.1857709,0.06190620000000002,0.2844696,0.7704298,0.179671,0.42902739999999995,0.4907667,0.057839500000000044,0.273203,0.20423760000000002,0.2813363,0.45636730000000003,0.5691323,0.11883849999999996,0.4033347,0.425868,0.414794,0.2641375,0.6352979999999999,0.104439,0.3637686,0.7094299,0.07003919999999997,0.2659768,0.04360609999999998,0.1349383,0.06190620000000002,0.2630367,0.2530369,0.1146053,0.026239899999999983,0.1735714,0.03343989999999997,0.04140625,0.015140200000000048
0.92699363,0.1055389,0.08223919999999996,0.2133044,0.14417159999999996,0.1146053,0.0,0.0,0.07207249999999998,0.03327332,0.15950450000000005,0.5,0.0,0.0,0.14620489999999997,0.00887364,0.08223919999999996,0.05970633,0.6443642,0.2214373,0.08223919999999996,0.3617353,0.5000003,0.1146053,0.4757935,0.4277344,0.07207249999999998,0.2081377,0.15950450000000005,0.5,0.45840060000000005,0.422927,0.14620489999999997,0.507033,0.08223919999999996,0.3098027,0.4979671,0.2763367,0.03530622,0.546766,0.124772,0.0375065,0.0,0.045639500000000055,0.1959377,0.02123980000000003,0.1146053,0.015140200000000048,0.07393929,0.0,0.1166386,0.023273199999999994,0.1003723,0.06393910000000003
0.15840449999999995,0.7765294,0.13713810000000004,0.2783696,0.90869447,0.09223894,0.0,0.02717329,0.12587199999999998,0.02107326,0.13807170000000002,0.5,0.004973499999999964,0.0,0.06393910000000003,0.01903992,0.10460559999999997,0.05970633,0.15840449999999995,0.5731991,0.2815033,0.3820683,0.7846632,0.2345703,0.5254996000000001,0.5314327,0.12587199999999998,0.4562007,0.13807170000000002,0.7489969,0.40553459999999997,0.4229274,0.06393910000000003,0.4419673,0.10460559999999997,0.1695047,0.158405,0.8151619,0.118672,0.25600369999999995,0.6179312,0.1025722,0.1024057,0.023273199999999994,0.03123997,0.05173950000000005,0.2081373,0.0,0.03734,0.0,0.3647016,0.05173950000000005,0.1024057,0.07613919999999996
0.1482382,0.73993,0.2083043,0.8273621,0.2214372,0.1075723,0.023273199999999994,0.08613892,0.06597240000000004,0.1349383,0.17780459999999998,0.4663669,0.0,0.02920663,0.07003919999999997,0.06987261,0.13307190000000002,0.5,0.21533729999999995,1.0,0.29776959999999997,0.6931641,0.40240129999999996,0.632165,0.4645007,0.08613892,0.06597240000000004,0.8608285,0.17780459999999998,0.4663669,0.4839268,0.399268,0.07003919999999997,0.3301357,0.13307190000000002,0.5,0.3170027,1.0,0.218304,0.7572963,0.3739354,0.09130519999999998,0.02107326,0.12087179999999997,0.1817043,0.1391715,0.279303,0.08833930000000001,0.0,0.0029401999999999484,0.224404,0.0,0.2488033,0.06597240000000004
0.1726379,0.1369716,0.05580620000000003,0.1950042,0.8467616,0.4471339,0.0,0.5,0.11273849999999996,0.2976026,0.17467140000000003,0.5,0.015140200000000048,0.0,0.1421384,0.004806954,0.15747109999999997,0.2101706,0.27837,0.5110997,0.20423760000000002,0.3565687,0.7389967,0.1898372,0.2754033,0.5,0.11273849999999996,0.2976026,0.17467140000000003,0.5,0.5092333,0.4249603,0.1421384,0.004806954,0.15747109999999997,0.2101706,0.333269,0.14120480000000002,0.2772696,0.33843559999999995,0.6574978,0.09037269999999997,0.05767299,0.0,0.2284703,0.27336990000000005,0.2040706,0.009040200000000054,0.06580593,0.0,0.206104,0.06190620000000002,0.1796709,0.23270389999999996
0.22753730000000005,0.1735713,0.08223919999999996,0.674864,0.13307190000000002,0.2417703,0.0,0.1430717,0.07613919999999996,0.5,0.11570530000000001,0.3332689,0.017173499999999953,0.0,0.15637140000000005,0.1898376,0.16653759999999995,0.1735713,0.4207014,0.1735713,0.08223919999999996,0.5569322,0.5112666,0.2417703,0.5031333,0.1430717,0.07613919999999996,0.5,0.11570530000000001,0.3332689,0.45230060000000005,0.4440007,0.15637140000000005,0.03937296,0.16653759999999995,0.1735713,0.2397365,0.1737379,0.08410601,0.7744961,0.124772,0.22347070000000002,0.08207267,0.15747109999999997,0.1735713,0.004973499999999964,0.2813363,0.050639199999999995,0.08613892,0.041572799999999965,0.1939043,0.08630590000000005,0.2223706,0.1391715
0.7826294,0.3708017,0.10663889999999998,0.0,0.12900520000000004,0.2031376,0.3242026,0.2020373,0.1421388,0.145105,0.0,0.2682032,0.16560450000000004,0.0,0.09537189999999995,0.2345703,0.2804029,0.1837377,0.6789307,0.3708017,0.10663889999999998,1.0,0.472634,0.2031376,0.0009067999999999854,0.5049996,0.1421388,0.145105,0.0,0.2682032,0.16560450000000004,0.466367,0.09537189999999995,0.7428964,0.2804029,0.1837377,0.7399301,0.17577120000000002,0.1329049,0.2988963,0.2955693,0.34953579999999995,0.07800598,0.09850550000000002,0.2752363,0.2144043,0.0,0.025306599999999957,0.2488033,0.07613919999999996,0.3220023,0.049706200000000034,0.2162707,0.18390459999999997
0.0,0.02717329,0.19407090000000005,0.3414023,0.0,0.5,0.13713810000000004,0.3983346,0.08723899999999996,0.3881683,0.013106900000000032,0.02717329,0.12290520000000005,0.00887364,0.16247140000000004,0.07597264,0.19500479999999998,0.2427032,0.35176189999999996,0.2101706,0.3608019,1.0,0.0,0.27837,0.13713810000000004,0.3983346,0.08723899999999996,0.3881683,0.013106900000000032,0.02717329,0.12290520000000005,0.539566,0.16247140000000004,0.07597264,0.19500479999999998,0.2427032,0.3554419,0.031406500000000004,0.04750628,0.32939549999999995,0.01903992,0.23363690000000004,0.5375327,0.07613919999999996,0.5548992,0.09443889999999999,0.0,0.0,0.1471384,0.08020590000000005,0.197971,0.031406500000000004,0.212204,0.05173950000000005
0.0,0.02717329,0.27336990000000005,0.1593379,0.049706200000000034,0.27227,0.023273199999999994,0.5,0.019206500000000015,0.2783696,0.015140200000000048,0.0,0.13307190000000002,0.145105,0.09943900000000006,0.1674713,0.0709727,0.2406704,0.6160916000000001,0.2488033,0.27336990000000005,0.5415993,0.049706200000000034,0.27227,0.023273199999999994,0.5,0.019206500000000015,0.2783696,0.015140200000000048,0.0,0.13307190000000002,0.667664,0.09943900000000006,0.1674713,0.0709727,0.2406704,0.0,0.17577120000000002,0.191871,0.11883849999999996,0.0,0.3332691,0.472467,0.0,0.0,0.07503930000000003,0.0,0.0,0.1471383,0.05377290000000001,0.3800348,0.1818712,0.472467,0.13917190000000002
0.0,0.2671033,0.22143729999999995,0.05157296,0.04360609999999998,0.26007,0.09850550000000002,0.1410383,0.02530650000000001,0.2783695,0.0,0.002773612,0.1798379,0.5,0.031406500000000004,0.4918671,0.12587159999999997,0.4186676,0.3567353,0.2671033,0.22143729999999995,0.5619324,0.19203789999999998,0.26007,0.09850550000000002,0.311836,0.02530650000000001,0.2783695,0.0,0.002773612,0.1798379,0.5,1.0,0.4918671,0.12587159999999997,0.4186676,0.0,0.049706200000000034,0.2865027,0.017173499999999953,0.0007402148,0.3963017,0.3423353,0.04767279999999996,0.006840297,0.052673199999999976,0.0,0.0,0.1634047,0.07817249999999998,0.0,0.05267239999999995,0.206104,0.07817249999999998
0.0,0.2345703,0.16653799999999996,0.03530666,0.08833880000000005,0.3495353,0.09740570000000004,0.05563965,0.019206500000000015,0.1360382,0.0,0.01700657,0.20017090000000004,0.5,0.013106900000000032,0.7399296,0.013106900000000032,0.2682033,0.2866961,0.2345703,0.27226969999999995,0.507033,0.08833880000000005,0.3495353,0.09740570000000004,0.05563965,0.019206500000000015,0.1360382,0.0,0.01700657,0.20017090000000004,0.5,0.013106900000000032,0.7399296,0.013106900000000032,0.2682033,0.4245748,0.16763779999999995,0.378002,0.06597240000000004,0.1634046,0.3393691,0.07597264,0.07817249999999998,0.01903992,0.09130609999999995,0.02107326,0.00700679999999998,0.1613713,0.0375065,0.0,0.0648725,0.0,0.11367260000000001
0.5,0.218304,0.32920269999999996,0.2833697,0.0,0.0,0.09850550000000002,0.3292026,0.0,0.3393688,0.00700679999999998,1.0,0.15433790000000003,0.2987025,0.0,0.4573006,0.0,0.3373356,0.2876029,0.218304,0.32920269999999996,0.2833697,0.0,0.0,0.09850550000000002,0.3292026,0.0,0.3393688,0.98909302,0.580232,0.15433790000000003,0.2987025,0.0,0.4573006,0.0,0.3373356,0.1735713,0.24083690000000002,0.2641362,0.07003919999999997,0.09427229,0.0,0.279303,0.13197170000000003,0.02717329,0.034373499999999946,0.01090698,0.98705968,0.291503,0.041572799999999965,0.0,0.06080589999999997,0.03937291,0.03343989999999997
0.11273849999999996,0.1299386,0.2743034,0.1695047,0.15543819999999997,0.0,0.10553900000000005,0.2438036,0.0,0.3271693,0.0,0.0231066,0.16043790000000002,0.26507,0.03343989999999997,0.2234706,0.013106900000000032,0.593532,0.4624673,0.3963012,0.2743034,0.1695047,0.15543819999999997,0.0,0.10553900000000005,0.2438036,0.98096008,0.3271693,0.0,0.0231066,0.16043790000000002,0.26507,0.03343989999999997,0.2234706,0.013106900000000032,0.593532,0.1593379,0.10757240000000001,0.3271688,0.41163459999999996,0.1024057,0.0,0.2610033,0.11570539999999996,0.01903992,0.0933387,0.03734,0.009040200000000054,0.1613713,0.30386959999999996,0.0,0.09740590000000005,0.0,0.10053889999999999
0.5,0.2865033,0.3536024,0.1817043,0.041572799999999965,0.0,0.15230509999999997,0.0,0.0029401999999999484,0.0,0.23270389999999996,0.0231066,0.17060470000000005,0.4186675,0.0,0.3861345,0.031406500000000004,0.0007402693,0.5,0.2865033,0.6301318,0.7428964,0.041572799999999965,0.0,0.15230509999999997,0.9665601,0.45026730000000004,0.0,0.5295662999999999,0.0231066,0.17060470000000005,0.4186675,0.0,0.3861345,0.031406500000000004,0.0,0.1186719,0.16857100000000003,0.1035052,0.0,0.1573046,0.0,0.1695047,0.03343989999999997,0.0,0.017173499999999953,0.27117,0.019206500000000015,0.299636,0.12993880000000002,0.00887364,0.06893990000000005,0.0,0.0
0.13307190000000002,0.3393686,0.2072039,0.2264369,0.048606200000000044,0.0,0.1543384,0.02920663,0.0,0.0,0.97376011,0.0,0.10553900000000005,0.2499036,0.03547319999999998,0.006840297,0.08630590000000005,0.0007402693,0.13307190000000002,0.3393686,0.2072039,0.2264369,0.29463629999999996,0.0,0.1543384,0.02920663,0.97892674,0.0,0.8354954,0.372835,0.10553900000000005,0.2499036,0.03547319999999998,0.006840297,0.08630590000000005,0.0007402693,0.2081373,0.27837009999999995,0.2935364,0.1818712,0.04860659,0.0,0.1878043,0.019206500000000015,0.02107326,0.009040200000000054,0.5243992,0.03953989999999996,0.507033,0.049706200000000034,0.0,0.05987290000000001,0.0,0.0
0.11273849999999996,0.333269,0.23363699999999998,0.08613889,0.17467140000000003,0.0,0.05063960000000001,0.002773612,0.10350559999999998,0.0007402693,0.2844696,0.0,0.11477190000000004,0.432901,0.0009067999999999854,0.01497367,0.0,0.01090698,0.11273849999999996,0.333269,0.23363699999999998,0.25287,0.17467140000000003,0.0,0.05063960000000001,1.0,0.19703760000000003,0.0007402693,0.386135,0.4188607,0.3465694,0.432901,0.45636730000000003,0.01497367,0.0,0.01090698,0.2142373,0.32716940000000005,0.07503913,0.03547319999999998,0.1706045,0.22124469999999996,0.07800598,0.0,0.298703,0.023273199999999994,0.2458365,0.11144540000000003,0.4623003,0.03437290000000004,0.01090698,0.015140200000000048,0.01294032,0.009040200000000054
0.0,0.2763367,0.16763839999999997,0.177638,0.10757240000000001,0.0,0.0,0.0,0.08723879999999995,0.0,0.054706299999999985,0.07910595,0.017173499999999953,0.3190359,0.0,0.0,0.011073499999999958,0.0,0.16763779999999995,0.2763367,0.16763839999999997,0.177638,0.10757240000000001,0.0,1.0,0.0,0.08723879999999995,0.0,0.13603880000000002,0.1604383,0.017173499999999953,0.3190359,0.0,0.0,0.011073499999999958,0.0,0.3159027,0.34140190000000004,0.1959371,0.0,0.1502714,0.0,0.0,0.0,0.2560032,0.0,0.2133034,0.113672,0.0007402693,0.1441717,0.0,0.029373199999999988,0.0,0.0
0.1168051,0.1157057,0.0,0.00887364,0.19500439999999997,1.0,0.02123980000000003,0.01903992,0.15840449999999995,0.00887364,0.1767046,0.1116389,0.019206500000000015,0.0,0.0029401999999999484,0.0,0.0,0.0,0.1168051,0.1157057,0.0,0.2447365,0.19500439999999997,0.5050001,0.02123980000000003,0.01903992,0.3109022,0.00887364,0.29260299999999995,0.1990709,0.019206500000000015,0.0,0.0029401999999999484,0.0,0.0,0.0,0.145105,0.10350530000000002,0.4632076,0.12493869999999996,0.1950045,1.0,0.01497367,0.015140200000000048,0.3902022,0.49093370000000003,0.1319715,0.33123559999999996,0.02920668,0.031406500000000004,0.01700657,0.02123980000000003,0.03327332,0.0
0.16153779999999995,0.2600699,0.0,0.1186719,0.19703769999999998,0.0,0.031406500000000004,0.01903992,0.7988957,0.0,0.2783696,0.1828046,0.0009067999999999854,0.04343959,0.0,0.0,0.0,0.02920663,0.2937029,0.2600699,0.1301312,0.1186719,0.45120079999999996,0.01700657,0.031406500000000004,0.4562007,0.534566,0.0,0.3556353,0.3027697,0.4299343,0.04343959,1.0,0.0,0.0,0.02920663,0.1064723,0.31903610000000004,0.6035057,0.20017110000000005,0.08723906,0.0,0.01497367,0.0,0.8395621,0.0009067999999999854,0.2885367,0.33530230000000005,0.01294032,0.0,0.0,0.009040200000000054,0.0,0.0
0.2225372,0.1746713,0.0,0.1685712,0.5,0.0,0.009040200000000054,0.0,0.8040623,1.0,0.8182957,0.7602626,0.02530650000000001,0.0007402693,0.0953718,0.0,0.0009067999999999854,0.9990932,0.2225372,0.1746713,0.0,0.1685712,0.5,0.0,0.009040200000000054,0.0,0.7145969999999999,0.527366,0.6983307000000001,0.695197,0.4950004,0.0007402693,0.19500379999999995,0.0,0.0009067999999999854,0.0,0.03937291,0.21847059999999996,0.6136719,0.2051712,0.1035056,0.0,0.0,0.027339800000000025,0.6839307,0.9829934300000001,0.7754294,0.6829973,0.0,0.019206500000000015,0.2275379,0.0029401999999999484,0.0,0.02123980000000003
0.2580371,0.2438036,0.0,0.1075723,0.09740530000000003,0.0,0.0,0.01903992,0.24786980000000003,0.05267296,0.2702367,0.7968628,0.0009067999999999854,0.0,0.07503919999999997,0.01294032,0.15027159999999995,0.0,0.2580371,0.2438036,0.0,0.1075723,0.09740530000000003,0.0,0.0,0.4643337,0.4959333,0.3963013,0.34750190000000003,0.6524981,0.5010999,0.460267,0.13400489999999998,0.4440007,0.3414024,0.4501007,0.2600698,0.3048031,0.0,0.2682034,0.1258722,0.05044660000000001,0.0,0.031406500000000004,0.217371,0.37393540000000003,0.2661699,0.6443643,0.01497367,0.013106900000000032,0.1430716,0.0,0.373935,0.03343989999999997
0.2763363,0.0,0.0,0.05267286,0.2275374,1.0,0.0,0.002773612,0.8476951,0.7968627,0.13713810000000004,0.1136719,0.0,0.01294032,0.90056109,0.0007402693,0.0,0.0,0.27633640000000004,0.0,0.0,0.05267286,0.2275374,1.0,0.43400099999999997,0.4907667,0.7561964,0.7175636,0.13713810000000004,0.2580366,0.466534,0.01294032,0.4227343,0.0007402693,0.0,0.5212664,0.3251358,0.0,0.0,0.6260652,0.09740553,1.0,0.03123997,0.0,0.7195971,0.6606311,0.2467704,0.2550702,0.0,0.49703319999999995,0.7358634,0.0,0.001647513,0.0
0.0,1.0,0.0,0.5,0.18280430000000003,0.0,0.05173950000000005,0.01294032,0.2905696,0.8090624,0.09037209999999996,0.8090624,0.017173499999999953,0.004806954,0.97079337,0.03640616,0.06283919999999998,0.0,0.0,0.0,0.0,0.5,0.18280430000000003,0.1410383,0.44416770000000005,0.01294032,0.5284663,0.7521297,0.09037209999999996,0.6768978,0.017173499999999953,0.5049996,0.7796627,0.1360378,0.06283919999999998,0.1626644,0.09111279,1.0,0.0,0.020140000000000047,0.2153371,0.47669989999999995,0.0,0.0,0.2214374,0.774496,0.273203,0.8212616,0.04140625,0.0,0.3443686,0.2815033,0.245837,0.18464440000000004
0.31903610000000004,0.5,0.5,0.06987261,0.0,0.0,0.009040200000000054,0.01200693,0.17373819999999995,0.7907622,0.057839500000000044,0.0,0.0,0.0231066,0.7195966,0.1279053,0.7765298,0.08520596,0.31903610000000004,0.0,0.5,0.1390049,0.0,0.0,0.45026730000000004,0.2295707,0.2693036,0.7012969,0.057839500000000044,0.7014899,0.0,0.5110997,0.634198,0.25397,0.7053640999999999,0.2295702,0.2987025,0.0,0.0,0.07003919999999997,0.5099732,0.0,0.03530666,0.4349339,0.269136,0.7114638,0.06783926,0.0,0.0007402693,0.0,0.7033303,0.21940389999999999,0.6524972,0.5183001
0.11163860000000003,0.0,0.0,0.5,0.0,,0.98799302,0.0689392,0.17467129999999997,0.8700618,0.07410629999999996,0.0,0.8944611,0.05360631,0.16043790000000002,0.9432604,0.7704298,0.8761614,0.5142335,0.0,0.0,0.2356707,0.0,,0.8049953,0.5101662,0.34343559999999995,0.7622969,0.07410629999999996,1.0,0.7643297,0.05360631,0.16043790000000002,0.9432604,0.4979671,0.8761614,0.2682028,0.0,0.0,0.21737019999999996,0.5933388,,0.01810739,0.2743034,0.1767042,,0.1024056,0.40056119999999995,0.573199,0.0009067999999999854,0.1075723,0.8517622,0.5569323,0.8456617
0.08520559999999999,0.0,0.0,0.5,0.0,,0.8395622,0.0,0.14120529999999998,0.8171954,0.12697190000000003,0.3476949,0.94842701,0.0,0.23770360000000001,0.7765294,0.8171953000000001,0.1462049,0.5365994000000001,0.5022264,0.0,0.5,0.16266440000000004,,0.8395622,0.119965,0.14120529999999998,0.707397,0.12697190000000003,0.0,0.8223619,0.0,0.37190160000000005,0.6931636,0.6789307,0.2275369,0.1909379,0.0,0.0,0.25193699999999997,0.5242065,,0.2905692,0.4408413,0.165438,,0.3748683,0.7072044,0.7632298,0.011073499999999958,0.4024013,0.5528664999999999,0.6219983,0.25803699999999996
0.23770369999999996,0.0,0.0,0.0,0.0,,0.7663627,0.8598955,0.08630590000000005,0.8171954,0.0,0.1593379,0.18483799999999995,0.002773612,0.19907050000000004,0.8964949,0.2438036,0.2153372,0.23770369999999996,0.0,0.0,0.0,0.0,,0.6260646000000001,0.7724636,0.08630590000000005,0.6667306,0.15340489999999996,0.378935,0.30276970000000003,0.4928,0.26210279999999997,0.8110958,0.3495353,0.3109026,0.2621031,0.5092333,0.0,0.0,0.0,,0.8619289,0.6280975,0.0800393,0.8630284,0.02920663,0.10460559999999997,0.4410339,0.0,0.27117,0.8203291,0.1218052,0.22753730000000005
0.11773869999999997,0.0,0.0,0.0,0.0,,0.21643769999999996,0.7774628,0.2693033,0.7622964,0.0,0.02513994,0.6972302,0.009973641,0.31700269999999997,0.1014722,0.22347059999999996,0.2112711,0.11773869999999997,0.0,0.0,0.0,0.0,,0.3567357,0.5883654,0.2693033,0.6504648,0.0,0.02513994,0.5731986,0.5914987,0.4573007,0.1014722,0.31090260000000003,0.3007364,0.1665378,0.29573629999999995,0.0,0.22327770000000002,0.0,,0.2528699,0.5600659,0.25897,0.7541625000000001,0.08207267,0.05987290000000001,0.8253292,0.14010480000000003,0.245837,0.3576688,0.3698688,0.3332689
0.420701,0.0,0.0,0.0,0.0,,0.21940400000000004,0.9188612,0.12900520000000004,0.1014723,0.22863730000000004,0.3687683,0.1706046,0.03030664,0.18483760000000005,0.08927219,0.19703800000000005,0.178738,0.420701,0.4765337,0.0,0.0,0.0,,0.3393691,0.8415955,0.31200249999999996,0.3292023,0.22863730000000004,0.3687683,0.35156909999999997,0.3454691,0.26413699999999996,0.1706042,0.3271697,0.2966697,0.3088697,0.0,0.01294032,0.4733739,0.0,,0.2508366,0.5691322999999999,0.1085057,0.27837,0.2162707,0.04767279999999996,0.1950043,0.3881683,0.3048026,0.2804038,0.2214366,0.34750190000000003
0.0,0.0,0.0,0.0,0.0,,0.20313760000000003,0.7033308,0.23677060000000005,0.0,0.5,0.5,0.16857120000000003,0.1340053,0.0,0.1746713,0.12790469999999998,0.2194039,0.46969380000000005,0.4684004,0.527533,0.0,0.0,,0.3637686,0.4898337,0.23677060000000005,0.3151619,0.5,0.5,0.2743033,0.3475024,0.3232954,0.2499036,0.23160340000000001,0.2194039,0.0,0.0375065,0.004806954,0.505907,0.0,,0.3292027,0.6138646,0.224404,0.0,0.08817226,0.017173499999999953,0.172638,0.38410120000000003,0.3188432,0.2885364,0.2316042,0.30276919999999996
0.0,1.0,0.0,0.0,0.0,,0.10663889999999998,0.2824363,0.2754033,1.0,0.23880400000000002,0.2305036,0.2763361,0.05470631,0.5,0.71553,0.1452715,0.8110957,0.0,0.5517657,0.3578622,0.0,0.0,,0.3140358,0.3902013,0.2754033,0.745837,0.23880400000000002,0.2305036,0.38816779999999995,0.2743033,0.1025722,0.5731986,0.1452715,0.679864,0.0,0.993159703,0.0,0.45304140000000004,0.0,,0.1491718,0.15027199999999996,0.2894697,1.0,0.1471383,0.4706007,0.326069,0.37393489999999996,0.1410383,0.8171962,0.1837376,0.7735626
0.0,0.0,0.0,0.0,0.0,,0.27947,0.1767046,0.0,0.0,0.1909381,0.05767299,0.8659947,0.8497284,0.041572799999999965,0.0,0.3547023,0.09130596,0.0,0.05767343,0.5234662999999999,0.0,0.0,,0.3770686,0.3271689,0.16560450000000004,0.3090623,0.1909381,0.2488033,0.7460297,0.7053637,0.041572799999999965,0.6709906,0.12290520000000005,0.2377036,0.0,0.0,0.06173968,0.5018407,0.0,,0.1674713,0.35970199999999997,0.1085057,0.29037710000000005,0.304802,0.1859379,0.6829978,0.7491634,0.1349383,0.0,0.346402,0.32310269999999996
0.0,0.0,0.0,0.0,0.0,,0.894461,0.0,0.09037209999999996,0.2345703,0.18280419999999997,0.06783926,0.0,0.8619285,0.029373199999999988,0.191871,0.031406500000000004,0.0,0.0,0.3911346,0.30386959999999996,0.0,0.4746669,,0.7114632000000001,0.6974232,0.09037209999999996,0.2345703,0.18280419999999997,0.291503,0.5,0.7866957,0.029373199999999988,0.507033,0.031406500000000004,0.3049956,0.4916735,0.0,0.0,0.5315996000000001,0.004806954,,0.7826298,0.0,0.1125719,0.30590300000000004,0.3820687,0.41366800000000004,0.0,0.5609994,0.08613889,0.17577120000000002,0.03327332,0.0
0.0,0.0,0.0,0.0,0.0,,0.2356707,0.0,0.20627090000000003,0.1390049,0.10147240000000002,0.25897,0.5,0.8273621,0.3242026,0.1552713,0.06190620000000002,0.0,0.0,0.1179316,0.4482343,0.0,0.032533000000000034,,0.41163459999999996,0.6709906,0.20627090000000003,0.1390049,0.10147240000000002,0.25897,0.5,0.7846627,0.0375065,0.1552713,0.06190620000000002,0.5977911,0.4815072,0.0,0.0,0.05580620000000003,0.0,,0.2467704,0.0,0.0902056,0.15747109999999997,0.270236,0.2835366,0.1349383,0.628098,0.06173968,0.13713810000000004,0.06580595,0.0
0.0,,0.0,0.0,0.0,,0.0,0.0,0.16763779999999995,0.0,0.02217329999999995,0.2040706,0.26523660000000004,0.8029628,0.049706200000000034,0.02920663,0.0680058,0.5,0.0,,0.6027653,0.3403024,0.08223919999999996,,0.2826295,0.313129,0.3221693,0.0,0.02217329999999995,0.2040706,0.26523660000000004,0.7541634,0.049706200000000034,0.5151663,0.0680058,0.1288386,0.0,,0.02717329,0.05173950000000005,0.0,,0.3025764,0.32494259999999997,0.2000044,0.5112662,0.3373355,0.011073499999999958,0.2203373,0.7399296,0.2020372,0.05377290000000001,0.09630563,0.09037209999999996
0.0,,0.0,0.0,0.0,,0.0,0.0,0.27227,0.5,0.28243640000000003,0.1085057,0.1798379,0.1613713,0.04360609999999998,0.07190596,0.0,0.197971,0.0,,0.0,0.04676598,0.0,,0.6018585000000001,0.628291,0.27227,0.5,0.28243640000000003,0.1085057,0.1798379,0.2528701,0.04360609999999998,0.07190596,0.0,0.5415994,0.02107326,,0.02717329,0.0,0.04750625,,0.0,0.0,0.07097244,0.029373199999999988,0.0,0.017173499999999953,0.04343957,0.26930319999999996,0.1166386,0.07410589999999995,0.07393929,0.17780459999999998
0.0,,0.0,0.0,0.0,,0.16560450000000004,0.1674713,0.04657290000000003,0.2630367,0.19500430000000002,0.5,0.0029401999999999484,0.7826291,0.03547319999999998,0.2366037,0.2632036,0.05767299,0.0,,0.0,0.3382691,0.41366800000000004,,0.16560450000000004,0.5110997,0.2092372,0.2630367,0.19500430000000002,0.5,0.0029401999999999484,0.6138647,0.03547319999999998,0.2366037,0.2632036,0.05767299,0.0,,0.0,0.0,0.0,,0.2569366,0.10460559999999997,0.09740593,0.23473730000000004,0.1929708,0.0709727,0.09630563,0.7622967,0.08613892,0.027339800000000025,0.2752363,0.1107051
0.0,,0.0,0.0,0.0,,0.1452715,0.5,0.211271,0.5,0.02624009999999999,0.1807713,0.02123980000000003,0.0,0.013106900000000032,0.06377258,0.0,0.291503,0.4706007,,0.45636730000000003,0.3911346,0.43400099999999997,,0.5315996000000001,0.5,0.211271,0.5,0.29667,0.1807713,0.19203789999999998,0.6892897,0.013106900000000032,0.1634046,0.0,0.291503,0.0,,0.0,0.0,0.0,,0.1105386,0.16763779999999995,0.1584045,0.03953989999999996,0.03843949,0.20313780000000004,0.1329049,0.0,0.1735713,0.07410589999999995,0.0,0.09240550000000003
0.0,,0.07207249999999998,0.0,0.0,,0.27947,0.2000044,0.13603829999999995,0.2305036,0.5,0.3007363,0.10663889999999998,0.0,0.03547319999999998,0.2569366,0.0,0.1491717,0.5214329,,0.466534,0.0,0.0,,0.27947,0.5517657,0.13603829999999995,0.2305036,0.5,0.3007363,0.10663889999999998,0.6974232,0.03547319999999998,0.2569366,0.0,0.1491717,0.01903992,,0.01497367,0.0,0.02107326,,0.206104,0.1025722,0.2621031,0.0,0.1258719,0.28446970000000005,0.171538,0.0,0.1288387,0.22863730000000004,0.05767299,0.03547319999999998
0.0,,0.019206500000000015,0.0,0.0,,0.2103376,0.5,0.18280430000000003,0.05563965,0.21127070000000003,0.3109031,0.2815033,0.5,0.1218053,0.1878043,0.11883849999999996,0.08613892,0.48076700000000006,,0.460434,0.0,0.2693033,,0.2103376,0.1390049,0.548799,0.2264369,0.21127070000000003,0.6911311,0.2815033,0.5,0.1218053,0.1878043,0.11883849999999996,0.2569366,0.0,,0.0,0.0,0.1003723,,0.06783926,0.10663889999999998,0.05470651,0.22863730000000004,0.3027696,0.3088689,0.1268053,0.1025722,0.2173706,0.1107051,0.1125719,0.10460559999999997
0.0,,0.031406500000000004,0.0,0.019206500000000015,,0.19000459999999997,0.279303,0.18483760000000005,0.1207053,0.8212621,0.1543383,0.3709686,0.3098027,0.10553900000000005,0.04860613,0.7155305000000001,0.1166386,0.45636730000000003,,0.4706007,0.0,0.43400099999999997,,0.19000459999999997,0.279303,0.18483760000000005,0.1207053,0.8212621,0.1543383,0.3709686,0.3098027,0.10553900000000005,0.04860613,0.7155305000000001,0.1166386,0.0,,0.05360631,0.041572799999999965,0.04750628,,0.1410383,0.05173899999999998,0.2214372,0.1107051,0.7663628,0.3271691,0.2101706,0.1818712,0.1258713,0.44103400000000004,0.7582295,0.1168051
0.0,,0.09647209999999995,0.0,0.049706200000000034,,0.09037209999999996,0.2366037,0.1441717,0.1837376,0.0,0.2702362,0.10460559999999997,0.3504687,0.0,0.0,0.005907100000000054,0.2406703,0.49093370000000003,,0.40553459999999997,0.0,0.40553459999999997,,0.09037209999999996,0.2366037,0.1441717,0.1837376,0.0,0.2702362,0.10460559999999997,0.3504687,0.5469592999999999,0.3761614,0.005907100000000054,0.2406703,0.01090698,,0.08410601,0.0,0.118672,,0.0,0.21847059999999996,0.288536,0.06393910000000003,0.6035051,0.27633719999999995,0.1064723,0.15340489999999996,0.0,0.04434640000000001,0.0,0.1168051
0.015139800000000037,,0.057839500000000044,0.004806954,0.05377290000000001,,0.19813760000000002,0.5,0.3353024,0.3037026,0.0,0.26507,0.11570519999999995,0.1613713,0.0,0.1441716,0.0,0.05767299,0.3974016,,0.45026730000000004,0.5212664,0.2164376,,0.19813760000000002,0.5,0.3353024,0.3037026,0.0,0.26507,0.11570519999999995,0.1613713,0.3273625,0.1441716,0.0,0.05767299,0.02107326,,0.1003723,0.07207249999999998,0.08817223,,0.07190596,0.06190620000000002,0.3759687,0.04360660000000005,0.611639,0.14933830000000003,0.1441716,0.16357120000000003,0.009780312,0.07097260000000005,0.0,0.11477179999999998
0.004973499999999964,,0.029373199999999988,,0.0375065,,0.11477179999999998,0.0,0.47356699999999996,0.1645045,0.0,0.178738,0.15230509999999997,0.02513994,0.009973200000000015,0.2406703,1.0,0.05360631,0.4645007,,0.34656889999999996,,0.4299343,,0.11477179999999998,0.4562007,0.47356699999999996,0.4512002,0.0,0.178738,0.4430678,0.185771,0.3576688,0.2406703,0.091113,0.05360631,0.09223894,,0.06377258,,0.03530666,,0.09427226,0.0,0.3088697,0.14010540000000005,0.5262398,0.34750210000000004,0.1685711,0.05987290000000001,0.2783694,0.3079364,0.5449253,0.011073499999999958
0.029373199999999988,,0.0009067999999999854,,0.0,,0.2083043,0.07800598,0.0,0.1970375,0.0,0.2539703,0.1502717,0.2488033,0.28650299999999995,0.3088692,0.35766869999999995,0.1218052,0.40553459999999997,,0.36893529999999997,,0.3364022,,0.2083043,0.2203373,0.0,0.5040666,0.0,0.2539703,0.1502717,0.2488033,0.28650299999999995,0.3088692,0.35766869999999995,0.1218052,0.06580595,,0.08817226,,0.03734,,0.1552713,0.24083690000000002,0.5059069,0.1360384,0.5445395,0.26210330000000004,0.1828045,0.09037209999999996,0.258037,0.3454691,0.3556352,0.0791056
0.045639500000000055,,0.023273199999999994,,0.0,,0.35673520000000003,0.1410383,0.0,0.217371,0.0,0.3739354,0.36986830000000004,0.1003723,0.10147229999999996,0.2458369,0.32716900000000004,0.2580365,0.35673520000000003,,0.5051666,,0.4421343,,0.35673520000000003,0.25897,0.0,0.217371,0.0,0.3739354,0.36986830000000004,0.533466,0.5365998000000001,0.2458369,0.32716900000000004,0.2580365,0.05970633,,0.04140625,,0.04547293,,0.124772,0.19000459999999997,0.5913055,0.23160329999999996,0.5018402,0.3922346,0.3373361,0.1859379,0.1543378,0.27227009999999996,0.286503,0.0709727
,,,,,,0.23160360000000002,0.111639,0.0,0.3536023,0.0,0.2194039,0.1909377,0.1125719,0.10867230000000005,0.5,0.2885364,0.1685712,,,,,,,0.23160360000000002,0.4146014,0.0,0.5772659,0.0,0.2194039,0.5121997,0.1125719,0.10867230000000005,0.2763367,0.2885364,0.4268009,,,,,,,0.2946362,0.17467129999999997,0.3443686,0.19093749999999998,0.5221732,0.0,0.09740543,0.1107051,0.2101706,0.17670419999999998,0.2682032,0.19500439999999997
,,,,,,0.08723930000000002,0.0,0.0425063,0.2885366,0.2275374,0.2031376,0.32920269999999996,0.06987261,0.23160360000000002,0.165438,0.13400540000000005,0.258037,,,,,,,0.32716940000000005,0.4920597,0.341402,0.2885366,0.2275374,0.2031376,0.32920269999999996,0.2610033,0.23160360000000002,0.165438,0.13400540000000005,0.4634011,,,,,,,0.1441715,0.2131113,0.4207012,0.20313740000000002,0.2275372,0.10757209999999995,0.2804025,0.19000459999999997,0.2438035,0.22050389999999997,0.3353021,0.020139600000000035
,,,,,,0.3271689,0.325136,0.1441717,0.258037,0.10960530000000002,0.0,0.32310269999999996,0.2000044,0.1543384,0.178738,0.18890430000000002,0.1685712,,,,,,,0.3271689,0.325136,0.25397040000000004,0.258037,0.20110439999999996,0.0,0.32310269999999996,0.2000044,0.1543384,0.178738,0.18890430000000002,0.1685712,,,,,,,0.3597019,0.24583659999999996,0.3312351,0.2153374,0.1563715,0.26597729999999997,0.3027696,0.08020590000000005,0.3902012,0.22347070000000002,0.1380718,0.2051712
,,,,,,0.2072039,0.1828047,0.07300600000000002,0.2234706,0.09130570000000005,0.03530666,0.3922346,0.05063997,0.0,0.2661704,0.3597021,0.0,,,,,,,0.2072039,0.1828047,0.07300600000000002,0.2234706,0.09130570000000005,0.03530666,0.3922346,0.6016653,0.0,0.2661704,0.3597021,0.0,,,,,,,0.3393693,0.432901,0.4979666,0.23160369999999997,0.0892725,0.24083699999999997,0.03843983,0.06690600000000002,0.4896405,0.33530190000000004,0.1685712,0.11347870000000004
,,,,,,0.5,0.325136,0.0628396,0.2783701,0.0,0.2397374,0.08520559999999999,0.09740555,0.06080629999999998,0.5,0.0,0.6789306,,,,,,,0.21533729999999995,0.325136,0.2417707,0.2783701,0.0,0.2397374,0.5162664,0.339369,0.06080629999999998,0.5,0.0,0.2763361,,,,,,,0.3454689,0.28040299999999996,0.3759682,0.27226950000000005,0.0,0.24787000000000003,0.06487282,0.06690589999999996,0.5589656,0.0,0.4672742,0.24787099999999995
,,,,,,0.32920269999999996,0.5,0.09333899999999995,0.3007364,0.0,0.205171,0.018106599999999973,0.1746713,0.0,0.0,0.0,0.0526729,,,,,,,0.32920269999999996,0.339369,0.3271695,0.3007364,0.0,0.205171,0.018106599999999973,0.1746713,0.27652980000000005,0.0,0.2155304,0.0526729,,,,,,,0.3210689,0.2153374,0.4837331,0.37190160000000005,0.0,0.21533729999999995,0.07393927,0.03233989999999998,0.4745004,0.0,0.4632076,0.20110439999999996
,,,,,,0.30276939999999997,0.251937,0.07910589999999995,0.0,0.0,0.0,0.0,0.0,0.0,0.5,0.2092372,0.2234707,,,,,,,0.30276939999999997,0.251937,0.36080199999999996,0.0,0.0,0.0,0.0,0.4615601,0.3903949,0.0,0.2092372,0.2234707,,,,,,,0.2194043,0.2560038,0.08003922,0.0,0.0,0.4815072,0.5506396,0.12364600000000003,0.2781768,0.011813799999999985,0.2844699,0.29870300000000005
,,,,,,0.20313729999999997,0.2743033,0.07097209999999998,0.5,0.0,0.06987256,0.07503919999999997,0.05267333,0.0,0.08927214,0.0,0.2600699,,,,,,,0.20313729999999997,0.2743033,0.49296700000000004,0.5,0.0,0.5497321,0.27837,0.1584054,0.0,0.2539698,0.10776540000000001,0.2600699,,,,,,,0.165438,0.2926031,0.09630559,0.0,0.0,0.021240499999999995,0.4918666,0.21330360000000004,0.2232774,0.11977210000000005,0.4876068,0.3271695
,,,,,,0.0,0.2905696,0.0,0.0,0.0,0.05470661,0.0,0.05673957,0.0,0.02217364,0.0,0.0,,,,,,,0.0,0.2905696,0.0,0.4981593,0.0,0.05470661,0.23179669999999997,0.8842947,0.1362314,0.4837337,0.0,0.0,,,,,,,0.53234,0.33936900000000003,0.0,0.0,0.4876072,0.0,0.55064,0.11570530000000001,0.5709726,0.0,0.5303065,0.0
,,,,,,0.0,0.2987026,0.0,0.0,0.0,0.07503963,0.04453960000000001,0.27837,0.0038730999999999627,0.04047332,0.113672,0.0,,,,,,,0.0,0.2987026,0.0,0.481893,0.0,0.07503963,0.11773869999999997,0.27837,0.0038730999999999627,0.04047332,0.113672,0.0,,,,,,,0.5099735,0.30276970000000003,0.0,0.0,0.4916734,0.16247089999999997,0.5304995,0.3271691,0.4939004,0.2621032,0.4776336,0.0
,,,,,,0.0,0.5,0.5,0.0,0.5,0.0,0.0,0.118672,0.0,0.0364066,0.07503919999999997,0.2011043,,,,,,,0.09759870000000004,0.5,0.5,0.1158983,0.5,0.0,0.4086944,0.118672,0.3985282,0.0364066,0.07503919999999997,0.2011043,,,,,,,0.497773,0.0,0.0,0.0,0.0,0.4998074,0.0,0.22660389999999997,0.0,0.23363750000000005,0.5060996,0.0
,,,,,,0.21127059999999998,0.5,0.0,0.1482382,0.0,0.0,0.0,0.219404,0.19297109999999995,0.2987025,0.02624000000000004,0.5,,,,,,,0.5243997,0.5,0.0,0.2987029,0.0,0.0,0.45952709999999997,0.219404,0.19297109999999995,0.2987025,0.02624000000000004,0.5,,,,,,,0.1360382,0.0,0.4916739,0.12180500000000005,0.0,0.33104310000000003,0.0,0.25397000000000003,0.3068362,0.17263810000000002,0.5415994,0.1482382
,,,,,,0.0,0.0,0.0,0.08520593,0.5,0.0,0.0,0.3027697,0.012006500000000031,0.0953722,0.0,0.0,,,,,,,0.2500964,0.5022261,0.0,0.08520593,0.5,0.0,0.46562729999999997,0.3027697,0.11367150000000004,0.5284662,0.0,0.0,,,,,,,0.5160735,0.0,0.0,0.2763367,0.0,0.5343734,0.01994659,0.26413660000000005,0.4756007,0.0,0.2110778,0.091113
,,,,,,0.0,0.319036,0.5,0.2478703,0.0,0.0,0.0,0.5,0.0,0.0,0.0,0.0,,,,,,,0.0,0.319036,0.5,0.5447326,0.18390459999999997,0.0,0.46156050000000004,0.5,0.0,1.0,0.0,0.0,,,,,,,0.5343727,0.21127059999999998,0.0,0.15637179999999995,0.0,0.5140403,0.0,0.0,0.0,0.0,0.06671268,0.09924630000000001
,,,,,,0.0,0.1950043,0.0,0.0,0.0,0.0,0.02420650000000002,0.0,0.5,0.0,0.5,0.5,,,,,,,0.2622964,0.5345659,0.0,0.0,0.03659979999999996,0.0,0.4613674,0.6709903,0.5,0.0,0.5,0.5386326,,,,,,,0.5018402,0.1767046,0.0,0.47540720000000003,0.006840297,0.5079402,0.0,0.0,0.0,0.0,0.0,0.0
,,,,,,0.0,0.27837,0.0,0.1360386,0.0,0.0,0.0,0.1726379,0.5,0.0,0.5,0.09943932,,,,,,,0.47376019999999996,0.5447331,0.006099999999999994,0.1360386,0.06597240000000004,0.0,0.4961265,0.1726379,0.5,0.0,0.5,0.09943932,,,,,,,0.001646965,0.19907050000000004,0.0,0.0,0.0,0.49980749999999996,0.0,0.113672,0.0,0.0,0.0,0.3027689
,,,,,,0.09537229999999997,0.0,0.0,0.0,0.027339800000000025,0.0,0.0,0.178738,0.0,0.0,0.0,0.04047331,,,,,,,0.4471341,0.4818934,0.38113490000000005,0.0,0.027339800000000025,0.0,0.0,0.5822654,0.0,0.0,0.0,0.04047331,,,,,,,0.0,0.19684449999999998,0.0,0.0,0.01090698,0.0,0.0,0.153405,0.0,0.5079404000000001,0.5628392,0.08113890000000001
,,,,,,1.0,0.339369,0.0,0.0,0.049706200000000034,0.0,0.0,0.5,0.0,0.0,0.0,0.04860621,,,,,,,0.4794739,0.5569323,0.08020590000000005,0.0,0.049706200000000034,0.0,0.0,0.6931641,0.0,0.0,0.0,0.04860621,,,,,,,1.0,0.0,0.0,0.0,0.0,0.0,0.0,0.0953718,0.0,0.47337379999999996,0.02107326,0.08113950000000003
,,,,,,0.0,0.2885363,0.0,0.0,0.0,0.0,0.0018401999999999585,0.4695003,0.0,0.0,0.0,0.0,,,,,,,0.0,0.5040662,0.07207249999999998,0.0,0.0,0.1613713,0.0018401999999999585,0.7988953,0.0,0.0,0.0,0.0,,,,,,,0.0,0.15433870000000005,0.0,0.4876074,0.01903992,0.03953989999999996,0.0,0.05877290000000002,0.01700657,0.49703319999999995,0.0007402693,0.53234
,,,,,,0.5,0.0628396,0.0,0.0,0.0,0.01903992,0.0,0.0,0.0,0.0,0.0,0.0,,,,,,,0.5,0.5151663,0.0,0.0,0.0,0.03327332,0.0,0.5375327,0.0,0.0,0.0,0.0,,,,,,,0.0,0.0,0.05360631,0.48150729999999997,0.0,0.027339800000000025,0.0,0.029373199999999988,0.0,0.49296700000000004,0.0,0.45304140000000004
,,,,,,0.0,0.0,0.0,0.0,0.0,0.0,0.0,0.08723877,0.0,0.0,0.0,0.0,,,,,,,0.0,0.0,0.0,0.0,0.0,0.01016671,0.41276120000000005,0.5162657,0.3608019,0.0,0.0,0.0,,,,,,,0.0,0.0,0.0,0.5526735,0.0,0.030113900000000027,0.0,0.0,0.006840297,0.0,0.0231066,0.48557399999999995
,,,,,,0.0,0.0,0.0,0.0,0.0,0.0,0.0,0.1116389,0.0,0.0,0.0,0.0,,,,,,,0.0,0.0,0.0,0.0,0.0,0.0,0.0,0.5630326,0.4482343,0.1105386,0.0,0.0,,,,,,,0.0,0.0,0.05767299,0.0,0.0,0.03343989999999997,0.0,0.0,0.05360631,0.0,0.0,0.0
,,,,,,0.0,0.0,0.0,0.0,0.0,0.01294027,0.0,0.2763362,0.0,1.0,0.0,0.0,,,,,,,0.0,0.0,0.011073499999999958,0.0,0.27336990000000005,0.06580628,0.0,0.8822613,0.2876029,0.472467,0.49296700000000004,0.0,,,,,,,0.0,0.512007,0.0,0.5417662999999999,0.124772,0.0,0.00887364,0.11773869999999997,0.03123997,0.9992597307,0.0,0.0
,,,,,,0.0,0.0,0.0,0.0,0.015140200000000048,0.0,0.03843960000000002,0.0,0.0,0.0,0.0,0.0,,,,,,,0.0,0.4839263,0.0,0.0,0.2449036,0.01220006,0.4990666,0.0,0.3770686,0.004066685,0.04473269999999996,0.0,,,,,,,0.0,0.0,0.0,0.5356662999999999,0.1634046,0.0,0.004806954,0.0,0.04547296,0.06393910000000003,0.01497367,0.0
,,,,,,0.0,0.0,0.0,0.0,0.041572799999999965,0.0231066,0.0,0.0,0.0,0.02107326,0.0,0.0,,,,,,,0.0,0.0,0.41570130000000005,0.0,0.45230060000000005,0.0231066,0.48890029999999995,0.0,0.07410629999999996,0.05360631,0.08020629999999995,0.0,,,,,,,0.04750628,0.0,0.02107326,0.49703319999999995,0.05360631,0.009040200000000054,0.0,0.5221733,0.0,0.0,0.0,0.5445396
,,,,,,0.0,0.0,0.011073499999999958,0.0,0.017173499999999953,0.0,0.0,0.5,0.0,0.0,0.0,0.03123997,,,,,,,0.0,0.0,0.352669,0.0,0.4767002,1.0,0.4990666,0.5,0.05580620000000003,0.03863305,0.0,0.4562007,,,,,,,0.0,0.011813300000000027,0.08410601,0.4990666,0.09223894,0.98096008,0.0,0.0,0.01497367,0.0,0.002773557,0.0
,,,,,,0.0,0.0,0.057839500000000044,0.0,0.011073499999999958,0.0,0.0,0.0,0.0,0.0,0.0,0.0,,,,,,,0.44416770000000005,0.0,0.4360343,0.5090663,0.4767002,0.0,0.41570130000000005,0.0,0.4299343,0.3626683,0.0,0.0963056,,,,,,,0.0,0.560066,0.07393929,0.03343989999999997,0.08817226,0.0,0.03937291,0.5221733,0.02717329,0.0,0.0,0.019206500000000015
,,,,,,0.0,0.0,0.029373199999999988,0.0,0.03343989999999997,0.0,0.0,0.0,0.0,0.0,0.0,0.0,,,,,,,0.5011,0.0,0.3282693,0.3159027,0.27743660000000003,0.0,0.5010999,0.0,0.44416770000000005,0.08410601,0.0,0.02846636,,,,,,,0.00887364,0.5133,0.07597264,0.0,0.05563965,0.0,0.05157296,0.48076700000000006,0.03734,0.0,0.02107326,0.02123980000000003
,,,,,,0.0,0.0,0.0,0.0,0.04360609999999998,0.02107326,0.0,0.0,0.0,0.0,0.0,0.0,,,,,,,0.4482343,0.0,0.44416770000000005,0.218304,0.30793630000000005,0.4704337,0.44416770000000005,0.0,0.0,0.0,0.0,0.03456639,,,,,,,0.0,0.5153333,0.06580593,0.017173499999999953,0.06987261,0.031406500000000004,0.0,0.49703319999999995,0.04343962,0.0,0.0,0.0
,,,,,,0.0,0.0,0.023273199999999994,0.0,0.0,0.03327332,0.0,0.0,0.0,0.0,0.0,0.0,,,,,,,0.41570130000000005,0.4696934,0.45026730000000004,0.2935364,0.4482343,0.4887334,0.40553459999999997,0.4968667,0.4360343,0.0,0.0,0.0,,,,,,,0.04750628,0.0057139000000000495,0.04343959,0.02123980000000003,0.04140625,0.019206500000000015,0.05157296,0.0,0.006840297,0.0,0.05157296,0.0
,,,,,,0.0,0.0,0.0,0.0,0.0,0.02513994,0.0,0.0,0.0,0.0,0.0,0.0,,,,,,,0.4746669,0.0142334,0.4645007,0.0,0.3913016,0.3159027,0.4421343,0.0,0.29776959999999997,0.0,0.0,0.0,,,,,,,0.0,0.0,0.05970633,0.05044689999999996,0.05157296,0.1513715,0.0007402693,0.0,0.0231066,0.0,0.004806954,0.0
,,,,,,0.0,0.0,0.02123980000000003,0.0,,0.06173968,0.0,0.0,0.017173499999999953,0.01497367,0.0,0.0,,,,,,,0.6454647,0.01220006,0.41163459999999996,0.1125719,,0.4765337,0.39943490000000004,0.0,0.4787336,0.5293993,0.0,0.1532384,,,,,,,0.002773612,0.0,0.05970633,0.0,,0.0375065,0.002773612,0.0,0.01497367,0.017173499999999953,0.0,0.0
,,,,,,0.0,0.02717329,0.013106900000000032,0.0,,0.0,0.0,0.0,0.029373199999999988,0.02513994,0.011073499999999958,0.05157294,,,,,,,0.4787336,0.02717329,0.3730015,0.005713708,,0.3769017,0.41976800000000003,0.0,0.4645007,0.5212664,0.49703319999999995,0.05157294,,,,,,,0.09833897,0.0,0.06580593,0.0,,0.27133660000000004,0.0,0.5173667,0.06377258,0.013106900000000032,0.06377258,0.009040200000000054
,,,,,,0.0,0.0,0.0,0.04547293,,0.07393927,0.013106900000000032,0.0,0.02123980000000003,0.01497367,0.027339800000000025,0.0,,,,,,,0.5133,0.01016628,0.29776959999999997,0.2711696,,0.2040706,0.472634,0.293536,0.42790090000000003,0.452134,0.2103376,0.0,,,,,,,0.01090698,0.0,0.05767299,0.0,,0.029373199999999988,0.004806954,0.0,0.03937291,0.027339800000000025,0.05360631,0.0
,,,,,,0.0,0.0,,0.0,,0.01700657,0.013106900000000032,0.002773666,0.031406500000000004,0.04750628,0.93012739,0.002773612,,,,,,,0.5234662999999999,0.0,,0.0,,0.513133,0.48890029999999995,0.03124006,0.4787336,0.519233,0.03547319999999998,0.4643337,,,,,,,0.01903992,0.0,,0.0,,0.07410589999999995,0.0,0.025307100000000027,0.02717329,0.07613919999999996,0.5049996,0.0
,,,,,,0.0,0.0,,0.0,,0.01090698,0.1075718,0.0,0.017173499999999953,0.03123997,0.029373199999999988,0.03123997,,,,,,,0.5051666,0.0,,0.03659881,,0.4846667,0.41570130000000005,0.4501007,0.2571036,0.4765333,0.44010099999999996,0.4480673,,,,,,,0.01497367,0.0,,0.0,,0.041572799999999965,0.104439,0.0,0.06173968,0.019206500000000015,0.03327332,0.09443889999999999
,,,,,,0.06597240000000004,0.0,,0.02717329,,0.07597264,0.02123980000000003,1.0,0.004973499999999964,0.02513994,0.04360609999999998,0.002773612,,,,,,,0.45840060000000005,0.3517617,,0.4114676,,0.4074014,0.466534,0.633098,0.45230060000000005,0.4765337,0.3608019,0.4277344,,,,,,,0.145105,0.0,,0.13103849999999995,,0.0,0.02717329,0.98502633,0.02717329,0.027339800000000025,0.08410601,0.04360609999999998
,,,,,,0.015140200000000048,0.0,,0.004806954,,,0.045639500000000055,0.0,0.004973499999999964,0.02717329,0.041572799999999965,0.01294032,,,,,,,0.43400099999999997,0.0,,0.4094347,,,0.3547023,0.0,0.2937029,0.4297677,0.2876029,0.2020373,,,,,,,0.03123997,0.0,,0.049706200000000034,,,0.03530666,0.0,0.08613889,0.05173950000000005,0.05360631,0.015140200000000048
,,,,,,0.0009067999999999854,0.0,,0.004806954,,,0.009040200000000054,0.0,0.011073499999999958,0.04750628,0.011073499999999958,0.08207267,,,,,,,0.399435,0.3748683,,0.446034,,,0.4319676,0.0,0.35673520000000003,0.378935,0.44416770000000005,0.3545353,,,,,,,0.04547293,0.0,,0.03343989999999997,,,0.09020557,0.0,0.05360631,0.16763779999999995,0.03937291,0.09240550000000003
,,,,,,0.013106900000000032,0.02107326,,0.0,,,0.02530650000000001,0.0,0.019206500000000015,0.0231066,0.0,0.03937291,,,,,,,0.553966,0.4887334,,0.3545353,,,0.28557,0.339562,0.3648686,0.4948334,0.19203789999999998,0.3565687,,,,,,,0.06783926,0.08630590000000005,,0.16560450000000004,,,0.06783926,0.0,0.06580593,0.06597240000000004,0.03327332,0.03547319999999998
,,,,,,0.031406500000000004,0.05970631,,0.01700657,,,0.03953989999999996,0.0,,0.01700657,0.04767279999999996,0.07190596,,,,,,,0.4787336,0.3687683,,0.1837376,,,0.5844657,0.05489894,,0.4806004,0.41366800000000004,0.244737,,,,,,,0.07597264,0.09240550000000003,,0.13510480000000002,,,0.05970633,0.0,,0.017173499999999953,0.03937291,0.09037209999999996
,,,,,,0.03343989999999997,0.0,,0.004806954,,,0.0,0.0,,,0.0,0.01090698,,,,,,,0.393335,0.3870684,,0.5151663,,,0.4970337,0.01016669,,,0.3669019,0.1166386,,,,,,,0.06987261,0.11273849999999996,,0.03547319999999998,,,0.03530666,0.0,,,0.02513994,0.0375065
,,,,,,0.0,0.06377258,,0.02920663,,,0.0,0.0,,,,0.00887364,,,,,,,0.35063560000000005,0.4684004,,0.2406703,,,0.2835366,0.0,,,,0.4318011,,,,,,,0.05767299,0.09850550000000002,,0.031406500000000004,,,0.03734,0.0,,,,0.07410629999999996
,,,,,,0.0029401999999999484,0.02920663,,0.03530666,,,,0.01294032,,,,0.04547293,,,,,,,0.387235,0.4846667,,0.3789355,,,,0.4989001,,,,0.533466,,,,,,,0.08207267,0.02123980000000003,,0.07003919999999997,,,,0.06597240000000004,,,,0.0
,,,,,,0.0,0.02717329,,0.02920663,,,,0.04343959,,,,,,,,,,,0.19813760000000002,0.4480674,,0.366735,,,,0.5253331,,,,,,,,,,,0.01090698,0.00700679999999998,,0.031406500000000004,,,,0.04360609999999998,,,,
,,,,,,0.0,0.03123997,,,,,,0.04750628,,,,,,,,,,,0.4787336,0.4765337,,,,,,0.460267,,,,,,,,,,,0.01294032,0.04767279999999996,,,,,,0.049706200000000034,,,,
,,,,,,,0.02920663,,,,,,0.01700657,,,,,,,,,,,,0.4379007,,,,,,0.4846667,,,,,,,,,,,,0.05377290000000001,,,,,,0.009040200000000054,,,,
,,,,,,,0.0,,,,,,0.01700657,,,,,,,,,,,,0.5253331,,,,,,0.378935,,,,,,,,,,,,0.015140200000000048,,,,,,0.07003919999999997,,,,
,,,,,,,0.0,,,,,,0.04750628,,,,,,,,,,,,0.5029668,,,,,,0.3301357,,,,,,,,,,,,0.03547279999999997,,,,,,0.11477179999999998,,,,
,,,,,,,,,,,,,0.01294027,,,,,,,,,,,,,,,,,,0.4582337,,,,,,,,,,,,,,,,,,0.07207249999999998,,,,
,,,,,,,,,,,,,0.01497367,,,,,,,,,,,,,,,,,,0.6818974,,,,,,,,,,,,,,,,,,0.00700679999999998,,,,
,,,,,,,,,,,,,0.08410601,,,,,,,,,,,,,,,,,,0.6391981,,,,,,,,,,,,,,,,,,0.07003919999999997,,,,
,,,,,,,,,,,,,0.002773612,,,,,,,,,,,,,,,,,,0.4968667,,,,,,,,,,,,,,,,,,0.031406500000000004,,,,
