Participant,Trial,Temperature,Duration,Direction,FeltThermal,numLocation,location1,location2,location3,extraLocations,ThermalMatch,NumMatch,DirectionMatch
1,1,9,0.1,0,1,3,0.8415278,0.4859723,0.1220834,,1,1,1
1,2,0,0.25,1,0,3,0.06944445,0.43875,0.8554167,,1,1,1
1,3,0,0.1,1,0,3,0.0,0.51375,1.0,,1,1,1
1,4,9,0.25,1,1,3,0.04708337,0.2804167,1.0,,1,1,1
1,5,0,0.5,0,0,3,1.0,0.4748611,0.0,,1,1,1
1,6,-15,0.25,1,-1,3,0.0,0.5081945,1.0,,1,1,1
1,7,9,0.1,0,1,3,1.0,0.5693056,0.0,,1,1,1
1,8,-15,0.5,0,-1,3,1.0,0.6193056,0.0,,1,1,1
1,9,-15,0.1,0,-1,3,1.0,0.7248611,0.0,,1,1,1
1,10,0,0.1,1,0,3,0.0,0.5026389,1.0,,1,1,1
1,11,9,0.25,1,1,3,0.0,0.4277778,1.0,,1,1,1
1,12,0,0.25,0,0,3,1.0,0.5388889,0.0,,1,1,1
1,13,9,0.5,0,1,3,1.0,0.6194444,0.0,,1,1,1
1,14,0,0.25,1,0,3,0.0,0.3972222,1.0,,1,1,1
1,15,9,0.1,1,1,3,0.0,0.4027778,1.0,,1,1,1
1,16,-15,0.25,1,-1,3,0.0,0.4,1.0,,1,1,1
1,17,0,0.5,1,0,3,0.0,0.4555556,1.0,,1,1,1
1,18,-15,0.25,0,-1,3,1.0,0.5165278,0.0,,1,1,1
1,19,-15,0.1,0,-1,3,1.0,0.4888889,0.0,,1,1,1
1,21,-15,0.25,0,-1,3,1.0,0.6861111,0.0,,1,1,1
1,22,-15,0.5,0,-1,3,1.0,0.6415278,0.0,,1,1,1
1,23,-15,0.5,1,-1,3,0.0,0.4694445,1.0,,1,1,1
1,24,-15,0.1,1,-1,3,0.0,0.4527778,1.0,,1,1,1
1,25,0,0.25,1,0,3,0.0,0.4748611,1.0,,1,1,1
1,26,9,0.5,0,1,3,1.0,0.4388889,0.0,,1,1,1
1,27,-15,0.1,1,-1,3,0.0,0.4388889,1.0,,1,1,1
1,29,0,0.25,1,0,3,0.0,0.2166667,1.0,,1,1,1
1,30,0,0.1,1,0,3,0.0,0.325,1.0,,1,1,1
1,31,0,0.1,0,0,3,1.0,0.6805556,0.0,,1,1,1
1,32,9,0.1,0,1,3,1.0,0.6416667,0.0,,1,1,1
1,33,9,0.5,1,1,3,0.0,0.2083333,1.0,,1,1,1
1,34,9,0.1,0,1,3,1.0,0.7444444,0.0,,1,1,1
1,35,0,0.25,0,0,3,1.0,0.6166667,0.0,,1,1,1
1,36,9,0.25,1,1,3,0.0,0.2611111,1.0,,1,1,1
1,37,9,0.5,0,1,3,1.0,0.6777778,0.0,,1,1,1
1,38,0,0.25,1,0,3,0.0,0.3944444,1.0,,1,1,1
1,39,0,0.5,1,0,3,0.0,0.4359722,1.0,,1,1,1
1,40,0,0.5,0,0,3,1.0,0.8498611,0.0,,1,1,1
1,42,9,0.25,0,1,3,1.0,0.63875,0.0,,1,1,1
1,43,9,0.5,1,1,3,0.0,0.3443056,1.0,,1,1,1
1,44,0,0.25,0,0,3,1.0,0.6859723,0.0,,1,1,1
1,45,0,0.5,1,0,3,0.0,0.3859723,1.0,,1,1,1
1,46,9,0.25,1,1,3,0.0,0.2026389,1.0,,1,1,1
1,47,-15,0.5,1,-1,3,0.0,0.5888889,1.0,,1,1,1
1,48,0,0.25,0,0,3,1.0,0.5193056,0.0,,1,1,1
1,49,9,0.25,0,1,3,1.0,0.7498611,0.0,,1,1,1
1,50,-15,0.1,1,-1,3,0.0,0.4526389,1.0,,1,1,1
1,51,9,0.1,1,1,3,0.0,0.3470834,1.0,,1,1,1
1,52,9,0.5,0,1,3,1.0,0.6665278,0.0,,1,1,1
1,53,9,0.25,0,1,3,1.0,0.7248611,0.0,,1,1,1
1,54,9,0.25,1,1,3,0.0,0.2859723,1.0,,1,1,1
1,55,9,0.25,1,1,3,0.0,0.3081945,1.0,,1,1,1
1,56,-15,0.5,1,-1,3,0.0,0.0,1.0,,1,1,1
1,57,0,0.25,0,0,3,1.0,0.6388889,0.0,,1,1,1
1,58,0,0.1,1,0,3,0.0,0.3859723,1.0,,1,1,1
1,59,-15,0.5,0,-1,3,1.0,0.5804167,0.0,,1,1,1
1,60,-15,0.5,1,-1,3,0.0,0.3609723,0.9998611,,1,1,1
1,61,-15,0.5,0,-1,3,1.0,1.0,0.0,,1,1,1
1,62,-15,0.25,0,-1,3,1.0,0.8720834,0.0,,1,1,1
1,63,0,0.5,0,0,3,1.0,0.6498611,0.0,,1,1,1
1,64,-15,0.5,0,-1,3,1.0,0.8276389,0.0,,1,1,1
1,65,9,0.25,1,1,3,0.0,0.4304167,1.0,,1,1,1
1,66,-15,0.25,1,-1,3,0.0,0.3526389,1.0,,1,1,1
1,67,0,0.5,1,0,3,0.0,0.4248611,0.9970834,,1,1,1
1,68,0,0.1,1,0,3,0.0,0.4998612,1.0,,1,1,1
1,69,0,0.1,0,0,3,1.0,0.6193056,0.0,,1,1,1
1,70,-15,0.5,0,-1,3,1.0,0.7081945,0.0,,1,1,1
1,71,0,0.1,0,0,3,1.0,0.6498612,0.0,,1,1,1
1,72,0,0.1,0,0,3,1.0,0.6776389,0.0,,1,1,1
1,73,0,0.1,0,0,3,1.0,0.6693056,0.0,,1,1,1
1,74,9,0.5,1,1,3,0.0,0.1248611,1.0,,1,1,1
1,75,0,0.25,1,0,3,0.0,0.2359723,1.0,,1,1,1
1,76,-15,0.1,1,-1,3,0.0,0.2609723,1.0,,1,1,1
1,77,-15,0.25,1,-1,3,0.0,0.2220834,1.0,,1,1,1
1,78,-15,0.25,1,-1,3,0.0,0.0,0.9972222,,1,1,1
1,79,0,0.25,0,0,3,1.0,0.7887501,0.0,,1,1,1
1,80,9,0.5,0,1,3,1.0,1.0,0.0,,1,1,1
1,81,9,0.5,1,1,3,0.0,0.2748612,1.0,,1,1,1
1,82,9,0.1,1,1,3,0.0,0.4165278,1.0,,1,1,1
1,83,0,0.5,1,0,3,0.0,0.0,1.0,,1,1,1
1,84,0,0.25,0,0,3,1.0,0.8998612,0.0,,1,1,1
1,85,9,0.25,0,1,3,1.0,0.7748612,0.0,,1,1,1
1,86,-15,0.25,0,-1,3,1.0,0.7693056,0.0,,1,1,1
1,87,-15,0.5,0,-1,3,1.0,0.7859722,0.0,,1,1,1
1,88,-15,0.5,0,-1,3,1.0,1.0,0.0,,1,1,1
1,89,-15,0.1,1,-1,3,0.0,0.4054167,1.0,,1,1,1
1,92,0,0.1,1,0,3,0.0,0.2831945,1.0,,1,1,1
1,93,9,0.5,0,1,3,1.0,0.6720834,0.0,,1,1,1
1,94,9,0.5,1,1,3,0.0,0.2859723,0.9944444,,1,1,1
1,95,-15,0.1,0,-1,3,1.0,0.7193056,0.0,,1,1,1
1,96,0,0.5,0,0,3,1.0,0.6498612,0.0,,1,1,1
1,98,-15,0.25,0,-1,3,1.0,0.8555555,0.0,,1,1,1
1,99,9,0.5,1,1,3,0.0,0.2138889,1.0,,1,1,1
1,100,9,0.5,0,1,3,1.0,0.9111111,0.0,,1,1,1
1,101,-15,0.25,1,-1,3,0.0,0.3248611,1.0,,1,1,1
1,102,9,0.1,0,1,3,1.0,0.6970834,0.0,,1,1,1
1,103,-15,0.1,0,-1,3,1.0,0.5943056,0.0,,1,1,1
1,104,9,0.1,0,1,3,0.9943056,0.7276389,0.0,,1,1,1
1,105,0,0.25,1,0,3,0.0,0.0,1.0,,1,1,1
1,106,9,0.1,1,1,3,0.0,0.2665278,1.0,,1,1,1
1,107,-15,0.5,1,-1,3,0.0,0.0,1.0,,1,1,1
1,108,-15,0.5,1,-1,3,0.0,0.0,1.0,,1,1,1
1,110,-15,0.1,1,-1,3,0.0,0.3833333,1.0,,1,1,1
1,111,9,0.1,1,1,3,0.0,0.2276389,1.0,,1,1,1
1,112,0,0.5,1,0,3,0.0,0.0,1.0,,1,1,1
1,113,9,0.25,0,1,3,1.0,0.6859723,0.0,,1,1,1
1,114,9,0.1,0,1,3,1.0,0.6998612,0.0,,1,1,1
1,115,-15,0.5,1,-1,3,0.0,0.0,1.0,,1,1,1
1,116,0,0.1,1,0,3,0.0,0.3720834,1.0,,1,1,1
1,117,-15,0.25,1,-1,3,0.0,0.4720834,1.0,,1,1,1
1,118,9,0.1,1,1,3,0.0,0.4193056,1.0,,1,1,1
1,119,9,0.5,0,1,3,1.0,1.0,0.0,,1,1,1
1,120,9,0.25,1,1,3,0.0,0.0,1.0,,1,1,1
1,121,9,0.25,0,1,3,1.0,0.5470834,0.0,,1,1,1
1,122,-15,0.1,0,-1,3,0.9944444,0.7220834,0.0,,1,1,1
1,123,0,0.1,1,0,3,0.0,0.33875,1.0,,1,1,1
1,124,-15,0.25,0,-1,3,1.0,1.0,0.0,,1,1,1
1,125,-15,0.25,0,-1,3,1.0,1.0,0.0,,1,1,1
1,126,0,0.1,1,0,3,0.0,0.3498611,0.9970834,,1,1,1
1,127,0,0.5,0,0,3,1.0,1.0,0.0,,1,1,1
1,128,-15,0.1,1,-1,3,0.0,0.5194445,1.0,,1,1,1
1,129,0,0.5,0,0,3,1.0,1.0,0.0,,1,1,1
1,130,9,0.5,0,1,3,1.0,1.0,0.0,,1,1,1
1,131,0,0.1,0,0,3,0.98875,0.4331945,0.0,,1,1,1
1,132,0,0.5,0,0,3,1.0,1.0,0.0,,1,1,1
1,133,-15,0.1,0,-1,3,1.0,0.9305556,0.0,,1,1,1
1,134,0,0.1,1,0,3,0.0,0.2081945,1.0,,1,1,1
1,135,0,0.5,1,0,3,0.0,0.0,1.0,,1,1,1
1,136,-15,0.25,0,-1,3,1.0,0.7970834,0.0,,1,1,1
1,137,0,0.25,0,0,3,1.0,1.0,0.0,,1,1,1
1,138,-15,0.25,1,-1,3,0.0,0.0,1.0,,1,1,1
1,139,9,0.25,0,1,3,1.0,0.8859723,0.0,,1,1,1
1,140,9,0.1,0,1,3,1.0,0.76375,0.0,,1,1,1
1,141,-15,0.5,1,-1,3,0.0,0.36375,1.0,,1,1,1
1,142,-15,0.1,0,-1,3,0.9943056,0.6776389,0.0,,1,1,1
1,143,9,0.5,1,1,3,0.0,0.0,1.0,,1,1,1
1,144,9,0.5,1,1,3,0.0,0.0,1.0,,1,1,1
1,145,0,0.5,0,0,3,1.0,1.0,0.0,,1,1,1
1,146,9,0.25,0,1,3,1.0,0.7220834,0.0,,1,1,1
1,147,-15,0.5,0,-1,3,1.0,0.8304167,0.0,,1,1,1
1,148,-15,0.1,1,-1,3,0.0,0.2443056,1.0,,1,1,1
1,149,9,0.1,1,1,3,0.0,0.26375,1.0,,1,1,1
1,151,9,0.5,0,1,3,1.0,1.0,0.0,,1,1,1
1,152,-15,0.5,1,-1,3,0.0,0.2804167,1.0,,1,1,1
1,153,9,0.1,1,1,3,0.0,0.2943056,1.0,,1,1,1
1,154,9,0.25,0,1,3,1.0,0.7693056,0.0,,1,1,1
1,155,0,0.25,0,0,3,1.0,1.0,0.0,,1,1,1
1,156,-15,0.1,0,-1,3,1.0,1.0,0.0,,1,1,1
1,157,0,0.5,0,0,3,1.0,1.0,0.0,,1,1,1
1,158,0,0.1,0,0,3,1.0,0.75,0.0,,1,1,1
1,159,0,0.5,1,0,3,0.0,0.28875,1.0,,1,1,1
1,160,-15,0.25,0,-1,3,1.0,0.8776389,0.0,,1,1,1
1,161,0,0.25,1,0,3,0.0,0.36375,0.9665278,,1,1,1
1,162,9,0.5,1,1,3,0.0,0.0,1.0,,1,1,1
1,164,9,0.25,0,1,3,1.0,0.8220834,0.0,,1,1,1
1,165,-15,0.1,0,-1,3,1.0,0.7609723,0.0,,1,1,1
1,166,-15,0.5,0,-1,3,1.0,1.0,0.0,,1,1,1
1,167,0,0.25,1,0,3,0.0,0.1470834,0.9970834,,1,1,1
1,168,9,0.1,0,1,3,0.9915278,0.7970834,0.0,,1,1,1
1,169,-15,0.25,1,-1,3,0.0,0.0,1.0,,1,1,1
1,170,9,0.25,1,1,3,0.0,0.0,1.0,,1,1,1
1,172,-15,0.25,1,-1,3,0.0,0.3554167,1.0,,1,1,1
1,173,-15,0.1,0,-1,3,1.0,0.6359723,0.0,,1,1,1
1,174,0,0.1,0,0,3,1.0,0.7804167,0.0,,1,1,1
1,175,9,0.1,1,1,3,0.0,0.3166667,1.0,,1,1,1
1,176,-15,0.1,1,-1,3,0.0,0.38875,0.9693056,,1,1,1
1,177,0,0.25,0,0,3,1.0,0.5470834,0.0,,1,1,1
1,178,9,0.1,0,1,3,1.0,0.6748611,0.0,,1,1,1
1,179,9,0.1,1,1,3,0.0,0.3498611,1.0,,1,1,1
1,180,-15,0.25,0,-1,3,0.9944444,0.7526389,0.0,,1,1,1
2,6,0,0.25,0,0,3,0.6972222,0.6972222,0.2777778,,1,1,1
2,7,-15,0.5,1,-1,3,0.3611111,0.3611111,0.5722222,,1,1,1
2,8,9,0.25,1,1,3,0.4222222,0.4638889,0.6944444,,1,1,1
2,9,-15,0.25,0,-1,3,0.8444445,0.8444445,0.2166667,,1,1,1
2,10,0,0.5,0,0,3,0.7416667,0.7416667,0.03611111,,1,1,1
2,11,9,0.1,0,1,3,0.8333333,0.8333333,0.1194444,,1,1,1
2,12,-15,0.5,0,-1,3,0.88875,0.88875,0.1581945,,1,1,1
2,13,-15,0.5,1,-1,3,0.6722222,0.6722222,1.0,,1,1,1
2,15,9,0.25,0,1,3,0.7861111,0.7861111,0.3777778,,1,1,1
2,19,9,0.5,0,1,3,0.6944444,0.6944444,0.08611107,,1,1,1
2,21,9,0.5,1,1,3,0.5833333,0.5833333,0.7472222,,1,1,1
2,22,9,0.25,0,1,3,0.8611111,0.8611111,0.3611111,,1,1,1
2,23,9,0.25,1,1,3,0.5277778,0.5277778,0.8083333,,1,1,1
2,24,0,0.25,0,0,3,0.7138889,0.7138889,0.08333334,,1,1,1
2,25,9,0.5,1,1,3,0.3777778,0.3777778,0.6833333,,1,1,1
2,26,-15,0.5,0,-1,3,0.7583333,0.7583333,0.1777778,,1,1,1
2,27,9,0.1,0,1,3,0.7138889,0.7138889,0.4138889,,1,1,1
2,28,0,0.25,1,0,3,0.1638889,0.1638889,0.6,,1,1,1
2,29,-15,0.1,0,-1,3,0.8277778,0.8277778,0.4472222,,1,1,1
2,31,0,0.1,0,0,3,0.7,0.7,0.1388889,,1,1,1
2,32,0,0.5,0,0,3,0.4888889,0.4888889,0.2805555,,1,1,1
2,33,9,0.5,1,1,3,0.4666667,0.4666667,0.7444444,,1,1,1
2,34,-15,0.1,0,-1,3,0.7331945,0.7331945,0.06652781,,1,1,1
2,35,-15,0.25,1,-1,3,0.3833333,0.3833333,0.7111111,,1,1,1
2,39,0,0.5,1,0,3,0.5166667,0.5166667,0.85,,1,1,1
2,40,-15,0.1,0,-1,3,0.6777778,0.6777778,0.3916667,,1,1,1
2,41,0,0.1,0,0,3,0.6277778,0.6277778,0.3861111,,1,1,1
2,44,9,0.1,0,1,3,0.6888889,0.6888889,0.2638889,,1,1,1
2,45,9,0.25,0,1,3,0.9527778,0.9527778,0.5861111,,1,1,1
2,47,0,0.5,0,0,3,0.6527778,0.6527778,0.5472222,,1,1,1
2,48,0,0.5,1,0,3,0.2916667,0.2916667,0.4333333,,1,1,1
2,49,9,0.1,1,1,3,0.5527778,0.5527778,0.7111111,,1,1,1
2,50,0,0.25,0,0,3,0.9055555,0.9055555,0.675,,1,1,1
2,51,9,0.1,1,1,3,0.7222222,0.7222222,0.9222222,,1,1,1
2,52,0,0.5,1,0,3,0.6611111,0.6611111,0.8527778,,1,1,1
2,53,9,0.1,1,1,3,0.2583333,0.2583333,0.4472222,,1,1,1
2,54,0,0.25,0,0,3,0.7055556,0.7055556,0.4694445,,1,1,1
2,55,9,0.5,1,1,3,0.5777778,0.5777778,0.7,,1,1,1
2,56,0,0.1,0,0,3,0.8027778,0.8027778,0.125,,1,1,1
2,58,0,0.5,1,0,3,0.825,0.825,0.9722222,,1,1,1
2,59,9,0.25,0,1,3,0.9694445,0.9694445,0.7611111,,1,1,1
2,60,-15,0.5,0,-1,3,0.875,0.875,0.4583333,,1,1,1
2,61,0,0.1,1,0,3,0.1333333,0.1333333,0.4722222,,1,1,1
2,64,-15,0.1,0,-1,3,0.7916667,0.7916667,0.3194444,,1,1,1
2,65,9,0.1,1,1,3,0.35,0.35,0.6694444,,1,1,1
2,66,0,0.1,0,0,3,0.7443056,0.7443056,0.3609723,,1,1,1
2,67,9,0.25,1,1,3,0.2638889,0.2638889,0.6555555,,1,1,1
2,68,0,0.1,0,0,3,0.6416667,0.6416667,0.2055556,,1,1,1
2,69,0,0.5,1,0,3,0.1777778,0.1777778,0.5361111,,1,1,1
2,70,-15,0.5,1,-1,3,0.4333333,0.4333333,0.675,,1,1,1
2,71,0,0.1,1,0,3,0.4555556,0.4555556,0.6944445,,1,1,1
2,72,0,0.25,0,0,3,0.55,0.55,0.1055556,,1,1,1
2,73,9,0.5,0,1,3,0.7111111,0.7111111,0.2222222,,1,1,1
2,74,0,0.5,1,0,3,0.3277778,0.3277778,0.7472222,,1,1,1
2,75,0,0.1,1,0,3,0.3222222,0.3222222,0.6611111,,1,1,1
2,76,0,0.5,1,0,3,0.3583333,0.3583333,0.7611111,,1,1,1
2,77,9,0.25,0,1,3,0.8833333,0.8833333,0.3333333,,1,1,1
2,78,0,0.5,0,0,3,0.8166667,0.8166667,0.1666667,,1,1,1
2,79,-15,0.1,1,-1,3,0.1611111,0.1611111,0.6972222,,1,1,1
2,82,9,0.1,1,1,3,0.2277778,0.2277778,0.675,,1,1,1
2,84,9,0.1,0,1,3,0.5722222,0.5722222,0.1666667,,1,1,1
2,85,0,0.25,1,0,3,0.2166667,0.2166667,0.6361111,,1,1,1
2,86,9,0.1,0,1,3,0.8027778,0.8027778,0.0,,1,1,1
2,88,0,0.25,1,0,3,0.225,0.225,0.7694445,,1,1,1
2,89,9,0.1,0,1,3,0.7972222,0.7972222,0.01666667,,1,1,1
2,90,0,0.5,0,0,3,0.8304167,0.8304167,0.1748611,,1,1,1
2,91,-15,0.25,0,-1,3,0.9388889,0.9388889,0.2666667,,1,1,1
2,92,0,0.1,0,0,3,0.6138889,0.6138889,0.0,,1,1,1
2,94,0,0.5,0,0,3,0.5611111,0.5611111,0.3277778,,1,1,1
2,95,9,0.5,0,1,3,0.6776389,0.6776389,0.1359723,,1,1,1
2,96,9,0.5,0,1,3,0.7055556,0.7055556,0.2055556,,1,1,1
2,98,0,0.5,0,0,3,0.6388889,0.6388889,0.4611111,,1,1,1
2,100,0,0.1,0,0,3,0.525,0.525,0.2222222,,1,1,1
2,101,9,0.5,1,1,3,0.4027778,0.4027778,0.6583334,,1,1,1
2,105,9,0.5,0,1,3,0.6888889,0.6888889,0.3555556,,1,1,1
2,106,9,0.25,1,1,3,0.2944444,0.2944444,0.4444444,,1,1,1
2,109,9,0.1,0,1,3,0.6916667,0.6916667,0.3472222,,1,1,1
2,111,0,0.5,0,0,3,0.6194444,0.6194444,0.2248611,,1,1,1
2,112,9,0.5,1,1,3,0.1916667,0.1916667,0.5694444,,1,1,1
2,113,9,0.5,0,1,3,0.6972222,0.6972222,0.3194444,,1,1,1
2,114,0,0.25,0,0,3,0.6777778,0.6777778,0.325,,1,1,1
2,115,9,0.5,0,1,3,0.7833334,0.7833334,0.2388889,,1,1,1
2,117,0,0.1,0,0,3,0.7972222,0.7972222,0.3472222,,1,1,1
2,118,9,0.1,1,1,3,0.6888889,0.6888889,0.6888889,,1,1,1
2,119,0,0.25,0,0,3,0.5611111,0.5611111,0.4083333,,1,1,1
2,120,9,0.5,1,1,3,0.2111111,0.2111111,0.5361111,,1,1,1
2,121,-15,0.25,1,-1,3,0.3638889,0.3638889,0.73875,,1,1,1
2,122,0,0.1,0,0,3,0.6972222,0.6972222,0.3944444,,1,1,1
2,123,9,0.25,1,1,3,0.2472222,0.2472222,0.5527778,,1,1,1
2,124,9,0.5,0,1,3,0.9527778,0.9527778,0.05555556,,1,1,1
2,127,9,0.1,1,1,3,0.5194445,0.5194445,0.7,,1,1,1
2,128,0,0.25,0,0,3,0.525,0.525,0.4194444,,1,1,1
2,129,0,0.25,1,0,3,0.3833333,0.3833333,0.3833333,,1,1,1
2,130,9,0.1,0,1,3,0.6944444,0.6944444,0.2333333,,1,1,1
2,131,9,0.1,1,1,3,0.3444445,0.3444445,0.6138889,,1,1,1
2,134,0,0.5,1,0,3,0.6638889,0.6638889,0.8027778,,1,1,1
2,135,9,0.1,1,1,3,0.3138889,0.3138889,0.5138889,,1,1,1
2,137,9,0.5,0,1,3,0.6833333,0.6833333,0.2388889,,1,1,1
2,139,0,0.1,1,0,3,0.2638889,0.2638889,0.3305556,,1,1,1
2,141,9,0.5,1,1,3,0.3277778,0.3277778,0.7611111,,1,1,1
2,143,9,0.1,0,1,3,0.7583333,0.7583333,0.2638889,,1,1,1
2,144,9,0.25,1,1,3,0.3694444,0.3694444,0.6777778,,1,1,1
2,145,-15,0.5,1,-1,3,0.2555556,0.2555556,0.7055556,,1,1,1
2,147,0,0.25,1,0,3,0.4416667,0.4416667,0.55,,1,1,1
2,148,9,0.25,0,1,3,0.6111111,0.6111111,0.2333333,,1,1,1
2,149,9,0.5,0,1,3,0.6470833,0.6470833,0.1970833,,1,1,1
2,150,9,0.1,1,1,3,0.3444445,0.3444445,0.5361111,,1,1,1
2,151,0,0.5,0,0,3,0.4694445,0.4694445,0.4027778,,1,1,1
2,154,9,0.5,1,1,3,0.1777778,0.1777778,0.5361111,,1,1,1
2,155,0,0.1,1,0,3,0.2027778,0.2027778,0.9194444,,1,1,1
2,156,0,0.25,0,0,3,0.7694445,0.7694445,0.6861111,,1,1,1
2,158,0,0.25,1,0,3,0.0,0.0,0.4666667,,1,1,1
2,159,0,0.1,1,0,3,0.3305556,0.3305556,0.6472222,,1,1,1
2,160,0,0.1,0,0,3,0.6027778,0.6027778,0.1416667,,1,1,1
2,161,0,0.1,1,0,3,0.1583333,0.1583333,0.6833333,,1,1,1
2,162,9,0.25,1,1,3,0.1861111,0.1861111,0.6333333,,1,1,1
2,163,0,0.25,1,0,3,0.1722222,0.1722222,0.2916667,,1,1,1
2,164,9,0.25,0,1,3,0.9055555,0.9055555,0.2722222,,1,1,1
2,165,0,0.1,1,0,3,0.5388889,0.5388889,0.6416667,,1,1,1
2,169,-15,0.5,0,-1,3,0.6361111,0.6361111,0.2777778,,1,1,1
2,170,9,0.25,1,1,3,0.2805555,0.2805555,0.4472222,,1,1,1
2,175,9,0.25,1,1,3,0.3222222,0.3222222,0.5861111,,1,1,1
2,177,0,0.5,1,0,3,0.1694444,0.1694444,0.5638889,,1,1,1
2,179,9,0.25,0,1,3,0.5416667,0.5416667,0.2304167,,1,1,1
2,180,0,0.25,1,0,3,0.1944444,0.1944444,0.6138889,,1,1,1
3,2,0,0.1,1,0,3,0.2248611,0.4915278,0.7693056,,1,1,1
3,3,9,0.25,1,1,3,0.3138889,0.5472222,0.8722222,,1,1,1
3,5,9,0.1,0,1,3,0.7415278,0.4581945,0.2276389,,1,1,1
3,6,-15,0.25,0,-1,3,0.8527778,0.5444444,0.2555556,,1,1,1
3,8,9,0.5,1,1,3,0.0,0.4388889,0.8470834,,1,1,1
3,10,0,0.5,1,0,3,0.2998611,0.63875,0.7276389,,1,1,1
3,11,-15,0.1,0,-1,3,0.8609723,0.5081945,0.1248612,,1,1,1
3,12,-15,0.1,1,-1,3,0.1638889,0.6138889,0.9248611,,1,1,1
3,13,9,0.1,0,1,3,1.0,0.5888889,0.05833333,,1,1,1
3,15,9,0.5,0,1,3,1.0,0.8083333,0.15,,1,1,1
3,16,9,0.5,1,1,3,0.1694444,0.5972222,0.9361111,,1,1,1
3,17,-15,0.1,1,-1,3,0.1805556,0.4833333,0.9777778,,1,1,1
3,18,9,0.25,1,1,3,0.1694444,0.4276389,0.8470834,,1,1,1
3,19,-15,0.1,0,-1,3,0.8720834,0.4859723,0.09152781,,1,1,1
3,22,9,0.1,1,1,3,0.0,0.4805556,0.8859723,,1,1,1
3,23,9,0.1,1,1,3,0.0,0.5527778,0.9138889,,1,1,1
3,25,0,0.1,0,0,3,0.7861111,0.4833333,0.2138889,,1,1,1
3,27,-15,0.5,1,-1,3,0.0,0.4470834,0.7415278,,1,1,1
3,29,0,0.25,1,0,3,0.09166667,0.5081945,0.8470834,,1,1,1
3,32,0,0.1,1,0,3,0.1694444,0.5694444,0.8777778,,1,1,1
3,34,9,0.5,1,1,3,0.1583333,0.4833333,0.7555556,,1,1,1
3,35,9,0.25,1,1,3,0.0,0.5026389,1.0,,1,1,1
3,37,9,0.1,0,1,3,1.0,0.5583333,0.0,,1,1,1
3,52,-15,0.25,1,-1,3,0.0,0.3916667,1.0,,1,1,1
3,53,0,0.1,0,0,3,1.0,0.4472222,0.1055556,,1,1,1
3,54,-15,0.25,1,-1,3,0.0,0.4970834,0.9693056,,1,1,1
3,58,-15,0.1,1,-1,3,0.0,0.4583333,1.0,,1,1,1
3,59,-15,0.25,1,-1,3,0.0,0.51375,1.0,,1,1,1
3,63,9,0.25,1,1,3,0.0,0.5165278,1.0,,1,1,1
3,75,9,0.1,0,1,3,1.0,0.5138889,0.0,,1,1,1
3,76,-15,0.1,0,-1,3,1.0,0.4666667,0.0,,1,1,1
3,77,9,0.1,1,1,3,0.0,0.4638889,1.0,,1,1,1
3,78,9,0.1,1,1,3,0.0,0.5361111,1.0,,1,1,1
3,81,0,0.1,0,0,3,1.0,0.4027778,0.0,,1,1,1
3,85,9,0.25,1,1,3,0.0,0.4666667,1.0,,1,1,1
3,86,-15,0.1,0,-1,3,1.0,0.4888889,0.0,,1,1,1
3,88,0,0.1,0,0,3,1.0,0.4220834,0.0,,1,1,1
3,91,9,0.1,1,1,3,0.0,0.4777778,1.0,,1,1,1
3,92,-15,0.1,0,-1,3,1.0,0.4861111,0.0,,1,1,1
3,93,-15,0.25,1,-1,3,0.0,0.4472222,1.0,,1,1,1
3,95,9,0.25,0,1,3,1.0,0.5305555,0.0,,1,1,1
3,103,9,0.1,1,1,3,0.0,0.5,1.0,,1,1,1
3,106,9,0.1,1,1,3,0.0,0.4998612,1.0,,1,1,1
3,108,-15,0.25,1,-1,3,0.0,0.4915278,1.0,,1,1,1
3,109,9,0.5,1,1,3,0.0,0.5527778,1.0,,1,1,1
3,111,-15,0.25,1,-1,3,0.0,0.4277778,0.9722222,,1,1,1
3,114,0,0.1,0,0,3,1.0,0.4888889,0.0,,1,1,1
3,115,-15,0.25,1,-1,3,0.0,0.4554167,1.0,,1,1,1
3,116,9,0.1,0,1,3,1.0,0.5222222,0.0,,1,1,1
3,117,0,0.1,0,0,3,1.0,0.5194445,0.0,,1,1,1
3,118,-15,0.25,1,-1,3,0.0,0.5,1.0,,1,1,1
3,119,-15,0.1,0,-1,3,1.0,0.45,0.0,,1,1,1
3,122,0,0.1,1,0,3,0.0,0.3722222,1.0,,1,1,1
3,123,0,0.5,1,0,3,0.0,0.4109723,0.9359723,,1,1,1
3,124,-15,0.1,1,-1,3,0.0,0.4804167,0.9248611,,1,1,1
3,128,0,0.1,1,0,3,0.0,0.4331945,0.8831945,,1,1,1
3,129,9,0.1,0,1,3,1.0,0.4222222,0.0,,1,1,1
3,130,-15,0.1,1,-1,3,0.0,0.4472222,1.0,,1,1,1
3,131,-15,0.1,1,-1,3,0.0,0.4359722,1.0,,1,1,1
3,132,0,0.1,0,0,3,1.0,0.5027778,0.0,,1,1,1
3,134,9,0.1,0,1,3,1.0,0.3944444,0.0,,1,1,1
3,135,9,0.5,1,1,3,0.0,0.1833333,1.0,,1,1,1
3,143,-15,0.1,1,-1,3,0.0,0.4804167,1.0,,1,1,1
3,152,9,0.1,0,1,3,1.0,0.5111111,0.0,,1,1,1
3,153,9,0.1,0,1,3,1.0,0.45,0.0,,1,1,1
3,157,0,0.25,1,0,3,0.0,0.4609722,0.9970834,,1,1,1
3,158,-15,0.25,0,-1,3,1.0,0.5805556,0.1722222,,1,1,1
3,160,0,0.25,1,0,3,0.0,0.3972222,1.0,,1,1,1
3,166,0,0.25,0,0,3,1.0,0.5111111,0.0,,1,1,1
3,167,0,0.25,1,0,3,0.0,0.58875,1.0,,1,1,1
3,170,-15,0.1,0,-1,3,0.9665278,0.4498611,0.0,,1,1,1
3,171,0,0.25,1,0,3,0.0,0.4443056,1.0,,1,1,1
3,172,0,0.1,1,0,3,0.0,0.4359722,1.0,,1,1,1
3,174,-15,0.1,1,-1,3,0.0,0.4888889,1.0,,1,1,1
3,175,0,0.1,1,0,3,0.0,0.4526389,1.0,,1,1,1
3,178,9,0.1,1,1,3,0.0,0.5526389,1.0,,1,1,1
3,179,0,0.25,0,0,3,1.0,0.4304167,0.0,,1,1,1
4,2,0,0.25,1,0,3,0.0,0.4331945,0.8554167,,1,1,1
4,3,0,0.1,1,0,3,0.2470834,0.5331945,0.7915278,,1,1,1
4,5,0,0.25,0,0,3,0.81375,0.4165278,0.03319448,,1,1,1
4,6,-15,0.25,1,-1,3,0.05819448,0.46375,0.7804167,,1,1,1
4,8,9,0.25,1,1,3,0.0,0.4081945,0.7887501,,1,1,1
4,9,9,0.5,0,1,3,0.5109723,0.5109723,0.01375003,,1,1,1
4,12,-15,0.5,0,-1,3,0.8248612,0.4248611,0.06652781,,1,1,1
4,13,-15,0.1,0,-1,3,0.8331945,0.41375,0.11375,,1,1,1
4,15,0,0.25,1,0,3,0.0,0.46375,0.8081945,,1,1,1
4,18,-15,0.1,1,-1,3,0.0,0.4609722,0.8276389,,1,1,1
4,20,9,0.25,1,1,3,0.0,0.5026389,0.8248612,,1,1,1
4,30,9,0.5,0,1,3,0.6665278,0.6665278,0.0804167,,1,1,1
4,41,0,0.5,1,0,3,0.0,0.0,0.7443056,,1,1,1
4,42,-15,0.1,1,-1,3,0.0,0.0,0.5859722,,1,1,1
4,43,9,0.5,1,1,3,0.0,0.0,0.6193056,,1,1,1
4,44,-15,0.1,0,-1,3,0.6304167,0.6304167,0.0554167,,1,1,1
4,49,0,0.5,1,0,3,0.0,0.0,0.7359723,,1,1,1
4,51,9,0.1,1,1,3,0.0,0.0,0.7276389,,1,1,1
4,52,9,0.25,0,1,3,0.6609722,0.6609722,0.08875003,,1,1,1
4,53,0,0.25,0,0,3,0.7998611,0.58875,0.04152781,,1,1,1
4,54,0,0.5,0,0,3,0.7887501,0.7887501,0.03319448,,1,1,1
4,57,9,0.5,0,1,3,0.8081945,0.8081945,0.13875,,1,1,1
4,58,9,0.1,1,1,3,0.0,0.0,0.7304167,,1,1,1
4,60,9,0.5,1,1,3,0.0,0.0,0.8026389,,1,1,1
4,61,9,0.5,0,1,3,0.7665278,0.7665278,0.06652781,,1,1,1
4,62,0,0.1,0,0,3,0.6831945,0.6831945,0.07208337,,1,1,1
4,65,9,0.25,1,1,3,0.0,0.0,0.6970834,,1,1,1
4,66,9,0.25,0,1,3,0.6081945,0.6081945,0.04986114,,1,1,1
4,67,9,0.25,1,1,3,0.0,0.0,0.7081945,,1,1,1
4,68,0,0.25,1,0,3,0.0,0.0,0.7220834,,1,1,1
4,69,-15,0.1,0,-1,3,0.6470833,0.6470833,0.03875003,,1,1,1
4,70,-15,0.5,0,-1,3,0.6415278,0.6415278,0.04152781,,1,1,1
4,71,9,0.25,1,1,3,0.0,0.0,0.7415278,,1,1,1
4,72,9,0.1,1,1,3,0.0,0.0,0.7220834,,1,1,1
4,73,0,0.1,1,0,3,0.0,0.0,0.6498612,,1,1,1
4,74,-15,0.25,0,-1,3,0.7026389,0.7026389,0.05819448,,1,1,1
4,75,0,0.1,1,0,3,0.0,0.0,0.8193056,,1,1,1
4,76,0,0.25,0,0,3,0.73875,0.73875,0.0554167,,1,1,1
4,77,0,0.5,1,0,3,0.0,0.0,0.6915278,,1,1,1
4,78,-15,0.1,0,-1,3,0.7331945,0.7331945,0.04708337,,1,1,1
4,79,9,0.25,0,1,3,0.7470834,0.7470834,0.05819448,,1,1,1
4,80,0,0.25,0,0,3,0.73875,0.73875,0.02208337,,1,1,1
4,81,9,0.5,1,1,3,0.0,0.0,0.7054167,,1,1,1
4,82,0,0.1,1,0,3,0.0,0.0,0.6804167,,1,1,1
4,83,-15,0.5,0,-1,3,0.7443056,0.7443056,0.06097225,,1,1,1
4,84,9,0.1,1,1,3,0.0,0.0,0.6526389,,1,1,1
4,85,-15,0.5,1,-1,3,0.0,0.0,0.7443056,,1,1,1
4,87,0,0.1,1,0,3,0.0,0.0,0.7498611,,1,1,1
4,88,0,0.5,0,0,3,0.76375,0.76375,0.06375004,,1,1,1
4,89,0,0.25,1,0,3,0.0,0.0,0.7470834,,1,1,1
4,90,9,0.5,1,1,3,0.0,0.0,0.6943056,,1,1,1
4,91,0,0.5,0,0,3,0.8026389,0.8026389,0.02763892,,1,1,1
4,92,0,0.1,0,0,3,0.8054167,0.8054167,0.04708337,,1,1,1
4,93,0,0.5,0,0,3,0.83875,0.83875,0.0554167,,1,1,1
4,94,0,0.25,1,0,3,0.0,0.0,0.6943056,,1,1,1
4,95,9,0.25,1,1,3,0.0,0.0,0.6693056,,1,1,1
4,96,0,0.1,0,0,3,0.7470834,0.7470834,0.07208337,,1,1,1
4,97,-15,0.5,0,-1,3,0.81375,0.81375,0.03597226,,1,1,1
4,98,0,0.5,0,0,3,0.7276389,0.7276389,0.03597226,,1,1,1
4,99,9,0.1,1,1,3,0.0,0.0,0.7415278,,1,1,1
4,101,9,0.5,0,1,3,0.7720833,0.7720833,0.0804167,,1,1,1
4,103,9,0.25,0,1,3,0.7554167,0.7554167,0.04430559,,1,1,1
4,104,0,0.25,0,0,3,0.7915278,0.7915278,0.02763892,,1,1,1
4,105,0,0.1,0,0,3,0.7831945,0.7831945,0.01097226,,1,1,1
4,106,9,0.1,0,1,3,0.7748612,0.7748612,0.002638923,,1,1,1
4,107,9,0.5,1,1,3,0.0,0.0,0.7887501,,1,1,1
4,108,0,0.1,1,0,3,0.0,0.0,0.6970834,,1,1,1
4,110,-15,0.1,1,-1,3,0.0,0.0,0.7443056,,1,1,1
4,113,0,0.5,0,0,3,0.8276389,0.8276389,0.0,,1,1,1
4,116,0,0.5,1,0,3,0.0,0.0,0.7165278,,1,1,1
4,117,9,0.1,0,1,3,0.8081945,0.8081945,0.05263892,,1,1,1
4,119,0,0.25,0,0,3,0.7720833,0.7720833,0.06930559,,1,1,1
4,120,9,0.25,1,1,3,0.0,0.0,0.6554167,,1,1,1
4,121,0,0.1,0,0,3,0.81375,0.81375,0.0554167,,1,1,1
4,122,0,0.5,0,0,3,0.7665278,0.7665278,0.02208337,,1,1,1
4,123,9,0.5,0,1,3,0.7359723,0.7359723,0.005416701,,1,1,1
4,124,-15,0.5,0,-1,3,0.6998612,0.6998612,0.0,,1,1,1
4,125,0,0.5,1,0,3,0.0,0.0,0.7581945,,1,1,1
4,126,0,0.5,1,0,3,0.0,0.0,0.0,,1,1,1
4,127,-15,0.25,1,-1,3,0.0,0.0,0.7776389,,1,1,1
4,128,9,0.5,1,1,3,0.0,0.0,0.6776389,,1,1,1
4,129,9,0.25,0,1,3,0.7248611,0.7248611,0.005416701,,1,1,1
4,131,9,0.1,1,1,3,0.0,0.0,0.6970834,,1,1,1
4,132,9,0.1,0,1,3,0.7943056,0.7943056,0.0,,1,1,1
4,133,9,0.25,1,1,3,0.0,0.0,0.6637501,,1,1,1
4,134,0,0.25,0,0,3,0.6998612,0.6998612,0.0,,1,1,1
4,135,9,0.5,0,1,3,0.7276389,0.7276389,0.0,,1,1,1
4,136,9,0.25,0,1,3,0.7581945,0.7581945,0.0,,1,1,1
4,137,9,0.5,0,1,3,0.7859722,0.7859722,0.0,,1,1,1
4,139,0,0.25,1,0,3,0.0,0.0,0.7609723,,1,1,1
4,140,9,0.1,1,1,3,0.0,0.0,0.73875,,1,1,1
4,142,-15,0.25,0,-1,3,0.8193056,0.8193056,0.0,,1,1,1
4,143,9,0.25,0,1,3,0.8720834,0.8720834,0.0,,1,1,1
4,146,9,0.25,1,1,3,0.0,0.0,0.7193056,,1,1,1
4,148,9,0.5,1,1,3,0.0,0.0,0.7970834,,1,1,1
4,149,0,0.25,1,0,3,0.0,0.0,0.7943056,,1,1,1
4,150,0,0.1,0,0,3,0.8359722,0.8359722,0.0,,1,1,1
4,151,0,0.1,0,0,3,0.8276389,0.8276389,0.0,,1,1,1
4,152,0,0.25,1,0,3,0.0,0.0,0.8443056,,1,1,1
4,155,9,0.5,1,1,3,0.0,0.0,0.8109723,,1,1,1
4,157,9,0.1,0,1,3,0.8359722,0.8359722,0.0,,1,1,1
4,159,0,0.25,1,0,3,0.0,0.0,0.7720833,,1,1,1
4,160,0,0.5,1,0,3,0.0,0.0,0.7943056,,1,1,1
4,163,0,0.1,1,0,3,0.0,0.0,0.7693056,,1,1,1
4,166,0,0.1,0,0,3,0.8109723,0.8109723,0.0,,1,1,1
4,167,9,0.25,0,1,3,0.7998611,0.7998611,0.0,,1,1,1
4,168,0,0.5,0,0,3,0.76375,0.76375,0.0,,1,1,1
4,170,9,0.1,0,1,3,0.8220834,0.8220834,0.0,,1,1,1
4,173,9,0.1,1,1,3,0.0,0.0,0.8026389,,1,1,1
4,175,9,0.25,1,1,3,0.0,0.0,0.7915278,,1,1,1
4,176,9,0.1,0,1,3,0.7970834,0.7970834,0.0,,1,1,1
4,177,0,0.25,1,0,3,0.0,0.0,0.7998611,,1,1,1
4,178,9,0.25,0,1,3,0.8109723,0.8109723,0.0,,1,1,1
5,2,0,0.5,1,0,3,0.2133043,0.2133043,0.8822619,,1,1,1
5,3,-15,0.1,0,-1,3,0.9168274,0.9168274,0.2397365,,1,1,1
5,4,0,0.25,0,0,3,1.0,0.4855739,0.0,,1,1,1
5,5,9,0.1,1,1,3,0.2092377,0.6850311,1.0,,1,1,1
5,6,-15,0.1,1,-1,3,0.2966697,0.7358634,1.0,,1,1,1
5,8,9,0.5,1,1,3,0.06487297,0.06487297,0.4898333,,1,1,1
5,9,9,0.25,1,1,3,0.0323399,0.2905696,1.0,,1,1,1
5,11,0,0.5,1,0,3,0.0,0.0,1.0,,1,1,1
5,13,0,0.1,0,0,3,0.8192291,0.5304997,0.178738,,1,1,1
5,14,-15,0.25,1,-1,3,0.0,0.2907628,0.8885546,,1,1,1
5,15,9,0.25,0,1,3,1.0,0.4977735,0.0,,1,1,1
5,16,-15,0.25,0,-1,3,0.8537951,0.5000004,0.009973967,,1,1,1
5,17,0,0.5,1,0,3,0.211271,0.211271,0.8090624,,1,1,1
5,19,0,0.25,1,0,3,0.0,0.2317967,0.8316218,,1,1,1
5,23,0,0.1,1,0,3,0.3007359,0.5,1.0,,1,1,1
5,24,9,0.1,0,1,3,1.0,0.6950038,0.4266073,,1,1,1
5,25,9,0.5,0,1,3,0.9371604,0.9371604,0.2458365,,1,1,1
5,27,9,0.25,0,1,3,1.0,0.4815067,0.06874599,,1,1,1
5,29,0,0.5,0,0,3,0.894461,0.894461,0.2885363,,1,1,1
5,30,9,0.5,1,1,3,0.144172,0.2763367,0.8375288,,1,1,1
5,34,9,0.25,1,1,3,0.02013981,0.3271684,0.9025939,,1,1,1
5,35,0,0.1,1,0,3,0.1410383,0.3972346,0.7977957,,1,1,1
5,38,9,0.5,1,1,3,0.0,0.1809644,0.9312544,,1,1,1
5,39,0,0.1,1,0,3,0.2133039,0.5447327,1.0,,1,1,1
5,40,0,0.1,0,0,3,1.0,0.5730059,0.07077977,,1,1,1
5,41,9,0.25,0,1,3,1.0,0.6238386,0.1643118,,1,1,1
5,42,0,0.5,1,0,3,0.09943891,0.09943891,0.8863276,,1,1,1
5,43,0,0.25,1,0,3,0.08520588,0.08520588,0.8558283,,1,1,1
5,44,9,0.25,0,1,3,1.0,0.5425062,0.0,,1,1,1
5,45,0,0.25,0,0,3,1.0,0.7153368,0.3086761,,1,1,1
5,46,9,0.5,1,1,3,0.0,0.0,0.6913233,,1,1,1
5,47,9,0.1,1,1,3,0.0,0.4940931,0.9739532,,1,1,1
5,48,9,0.25,0,1,3,1.0,0.7092372,0.1643114,,1,1,1
5,49,0,0.1,0,0,3,1.0,0.4652409,0.0,,1,1,1
5,50,9,0.5,1,1,3,0.0,0.2643293,1.0,,1,1,1
5,51,0,0.5,1,0,3,0.0,0.2643293,0.9434536,,1,1,1
5,52,0,0.25,0,0,3,1.0,0.5120065,0.0,,1,1,1
5,53,9,0.25,0,1,3,1.0,0.5669059,0.0,,1,1,1
5,54,0,0.1,1,0,3,0.0,0.4188607,1.0,,1,1,1
5,56,0,0.5,1,0,3,0.0,0.2500964,0.8133218,,1,1,1
5,57,0,0.1,0,0,3,1.0,0.5282732,0.0,,1,1,1
5,58,0,0.1,0,0,3,1.0,0.5709726,0.2659768,,1,1,1
5,59,9,0.25,0,1,3,1.0,0.7682028,0.0,,1,1,1
5,61,-15,0.1,1,-1,3,0.0,0.4168274,0.8946542,,1,1,1
5,62,0,0.5,1,0,3,0.0,0.3395617,1.0,,1,1,1
5,63,9,0.5,0,1,3,1.0,1.0,0.1582118,,1,1,1
5,64,9,0.1,0,1,3,1.0,0.5994385,0.07484604,,1,1,1
5,67,9,0.25,1,1,3,0.0,0.0,0.8621212,,1,1,1
5,69,9,0.5,0,1,3,1.0,1.0,0.0,,1,1,1
5,70,9,0.25,1,1,3,0.0,0.1301313,1.0,,1,1,1
5,71,0,0.25,0,0,3,1.0,1.0,0.0,,1,1,1
5,73,9,0.25,0,1,3,1.0,0.4998069,0.0,,1,1,1
5,76,9,0.1,1,1,3,0.0,0.4310603,0.9068537,,1,1,1
5,77,9,0.25,1,1,3,0.0,0.23993,0.9963195,,1,1,1
5,80,9,0.25,1,1,3,0.0,0.4513937,1.0,,1,1,1
5,81,0,0.25,1,0,3,0.0,0.4704337,0.9787602,,1,1,1
5,82,0,0.25,1,0,3,0.2295707,0.5223663,0.9818935,,1,1,1
5,83,0,0.5,1,0,3,0.02623989,0.4369672,1.0,,1,1,1
5,84,0,0.25,1,0,3,0.1075723,0.4471345,0.8314288,,1,1,1
5,87,9,0.1,0,1,3,1.0,0.5669058,0.1785447,,1,1,1
5,88,9,0.1,1,1,3,0.5,0.5691323,0.9737601,,1,1,1
5,90,9,0.5,1,1,3,0.0,0.4086944,1.0,,1,1,1
5,92,0,0.1,0,0,3,1.0,0.5242065,0.0,,1,1,1
5,93,0,0.5,0,0,3,1.0,1.0,0.0,,1,1,1
5,95,0,0.5,0,0,3,1.0,1.0,0.0,,1,1,1
5,96,9,0.1,1,1,3,0.0,0.422927,1.0,,1,1,1
5,97,0,0.1,0,0,3,1.0,0.4745004,0.1024057,,1,1,1
5,98,9,0.5,0,1,3,1.0,1.0,0.01294032,,1,1,1
5,101,9,0.5,0,1,3,0.9696938,0.5558323,0.06580593,,1,1,1
5,104,9,0.1,0,1,3,1.0,0.513133,0.02717329,,1,1,1
5,106,9,0.1,0,1,3,1.0,0.5436327,0.1146053,,1,1,1
5,108,9,0.5,0,1,3,1.0,0.6543379,0.09314573,,1,1,1
5,109,0,0.1,1,0,3,0.05767299,0.4297677,0.9340276,,1,1,1
5,110,0,0.1,1,0,3,0.08410598,0.5212664,0.9665601,,1,1,1
5,111,0,0.25,1,0,3,0.04750628,0.358602,0.8750615,,1,1,1
5,112,0,0.1,1,0,3,0.06173968,0.4033347,0.9035279,,1,1,1
5,113,0,0.5,0,0,3,0.9543605,0.7449297,0.2671033,,1,1,1
5,114,9,0.1,0,1,3,1.0,0.5415994,0.07393929,,1,1,1
5,117,0,0.1,0,0,3,0.9767268,0.5354993,0.02107326,,1,1,1
5,118,0,0.1,0,0,3,1.0,0.7245967,0.05767299,,1,1,1
5,119,0,0.5,0,0,3,0.8781947,0.8781947,0.08613892,,1,1,1
5,120,0,0.25,1,0,3,0.0,0.3016693,0.9726602,,1,1,1
5,121,9,0.1,1,1,3,0.0,0.4229274,1.0,,1,1,1
5,123,0,0.5,1,0,3,0.0,0.0,1.0,,1,1,1
5,124,9,0.5,1,1,3,0.0,0.4310608,1.0,,1,1,1
5,126,9,0.1,1,1,3,0.02920663,0.399268,0.9970598,,1,1,1
5,127,0,0.5,1,0,3,0.03530666,0.2162707,0.9604601,,1,1,1
5,128,0,0.5,0,0,3,0.9929932,0.7530631,0.1613713,,1,1,1
5,129,9,0.25,1,1,3,0.04343959,0.4033347,0.9665601,,1,1,1
5,130,9,0.5,1,1,3,0.0,0.414794,0.9848598,,1,1,1
5,132,0,0.1,0,0,3,1.0,0.4968667,0.08207267,,1,1,1
5,133,0,0.25,0,0,3,1.0,1.0,0.0902056,,1,1,1
5,137,0,0.25,1,0,3,0.03937291,0.273203,0.9380938,,1,1,1
5,138,0,0.1,1,0,3,0.04750628,0.4907667,0.9563939,,1,1,1
5,141,0,0.5,0,0,3,1.0,0.5009334,0.04140625,,1,1,1
5,143,9,0.1,0,1,3,0.9950265,0.5944654,0.03734,,1,1,1
5,144,0,0.25,1,0,3,0.03327332,0.2081377,0.9787602,,1,1,1
5,145,0,0.5,0,0,3,1.0,0.6299386,0.0,,1,1,1
5,147,0,0.25,0,0,3,0.9726602,0.7266301,0.01497367,,1,1,1
5,148,0,0.5,0,0,3,1.0,0.7031372,0.0,,1,1,1
5,150,9,0.1,0,1,3,1.0,0.5160732,0.0,,1,1,1
5,151,9,0.25,1,1,3,0.00887364,0.507033,0.9767268,,1,1,1
5,154,9,0.1,1,1,3,0.0,0.4249603,1.0,,1,1,1
5,155,0,0.5,0,0,3,1.0,0.6706042,0.03937291,,1,1,1
5,156,9,0.1,1,1,3,0.0,0.4440007,0.9584272,,1,1,1
5,158,0,0.25,1,0,3,0.02107326,0.4562007,0.9482605,,1,1,1
5,159,9,0.5,1,1,3,0.05970633,0.3098027,0.9360609,,1,1,1
5,161,0,0.25,0,0,3,1.0,0.5761653,0.0,,1,1,1
5,162,9,0.5,0,1,3,1.0,0.4358673,0.01903992,,1,1,1
5,163,9,0.5,0,1,3,1.0,0.8425289,0.02920663,,1,1,1
5,164,0,0.1,1,0,3,0.0,0.4277344,0.9543605,,1,1,1
5,165,9,0.25,1,1,3,0.01903992,0.4419673,0.9482605,,1,1,1
5,169,0,0.25,0,0,3,0.9828265,0.519233,0.09833895,,1,1,1
5,170,9,0.25,0,1,3,1.0,0.5842987,0.03734,,1,1,1
5,171,9,0.1,1,1,3,0.0,0.466367,0.9238608,,1,1,1
5,172,9,0.1,0,1,3,0.9848598,0.4907667,0.06580593,,1,1,1
5,173,0,0.1,1,0,3,0.02717329,0.5314327,0.9767268,,1,1,1
5,174,9,0.1,0,1,3,0.9828265,0.5476994,0.08613892,,1,1,1
5,176,9,0.5,1,1,3,0.05970633,0.1695047,0.9238608,,1,1,1
5,177,9,0.5,0,1,3,1.0,0.574132,0.04140625,,1,1,1
5,178,9,0.25,0,1,3,0.9635938,0.5232998,0.02920663,,1,1,1
5,180,9,0.25,1,1,3,0.06987261,0.3301357,1.0,,1,1,1
6,2,0,0.5,0,0,3,0.8903948,0.8903948,0.1706046,,1,1,1
6,5,-15,0.1,1,-1,3,0.111639,0.111639,0.8822619,,1,1,1
6,6,-15,0.1,0,-1,3,0.8883615,0.8883615,0.117739,,1,1,1
6,27,9,0.5,1,1,3,0.07300633,0.07300633,0.9473274,,1,1,1
6,28,-15,0.1,0,-1,3,0.941227,0.941227,0.0933388,,1,1,1
6,29,9,0.25,0,1,3,0.9025947,0.9025947,0.08723954,,1,1,1
6,30,-15,0.5,0,-1,3,0.906661,0.906661,0.09740546,,1,1,1
6,32,9,0.5,1,1,3,0.09223889,0.09223889,0.8750614,,1,1,1
6,33,-15,0.5,0,-1,3,0.941227,0.941227,0.007939612,,1,1,1
6,35,9,0.1,0,1,3,0.9513938,0.9513938,0.0160735,,1,1,1
6,38,9,0.1,1,1,3,0.0628396,0.0628396,0.8964947,,1,1,1
6,41,0,0.1,0,0,3,0.9005614,0.9005614,0.09833889,,1,1,1
6,43,9,0.5,0,1,3,1.0,1.0,0.0,,1,1,1
6,44,9,0.25,0,1,3,0.9107277,0.9107277,0.0,,1,1,1
6,47,9,0.1,1,1,3,0.0974055,0.0974055,0.906661,,1,1,1
6,48,0,0.5,1,0,3,0.07910591,0.07910591,0.8842947,,1,1,1
6,49,9,0.25,0,1,3,0.9188606,0.9188606,0.04657277,,1,1,1
6,50,9,0.5,0,1,3,0.9656271,0.9656271,0.0,,1,1,1
6,51,9,0.25,1,1,3,0.06893963,0.06893963,0.892428,,1,1,1
6,52,-15,0.25,1,-1,3,0.0892726,0.0892726,0.9412279,,1,1,1
6,53,9,0.1,0,1,3,0.9656272,0.9656272,0.1157055,,1,1,1
6,54,-15,0.5,1,-1,3,0.06893958,0.06893958,0.9371606,,1,1,1
6,57,0,0.25,1,0,3,0.0,0.0,1.0,,1,1,1
6,59,0,0.25,1,0,3,0.0,0.0,1.0,,1,1,1
6,60,0,0.25,0,0,3,1.0,1.0,0.0,,1,1,1
6,61,0,0.25,1,0,3,0.0,0.0,1.0,,1,1,1
6,62,0,0.5,1,0,3,0.0,0.0,1.0,,1,1,1
6,63,-15,0.5,1,-1,3,0.0,0.0,1.0,,1,1,1
6,65,0,0.1,0,0,3,1.0,1.0,0.0,,1,1,1
6,67,-15,0.25,0,-1,3,1.0,1.0,0.0,,1,1,1
6,68,0,0.25,1,0,3,0.0,0.0,1.0,,1,1,1
6,69,0,0.1,0,0,3,1.0,1.0,0.0,,1,1,1
6,70,0,0.5,0,0,3,1.0,1.0,0.0,,1,1,1
6,71,9,0.25,0,1,3,1.0,1.0,0.0,,1,1,1
6,72,-15,0.5,1,-1,3,0.0,0.0,1.0,,1,1,1
6,73,9,0.1,0,1,3,1.0,1.0,0.0,,1,1,1
6,75,0,0.5,1,0,3,0.0,0.0,1.0,,1,1,1
6,76,0,0.5,0,0,3,1.0,1.0,0.0,,1,1,1
6,77,0,0.25,0,0,3,1.0,1.0,0.0,,1,1,1
6,78,0,0.25,0,0,3,1.0,1.0,0.0,,1,1,1
6,79,9,0.1,1,1,3,0.0,0.0,1.0,,1,1,1
6,82,0,0.5,1,0,3,0.0,0.0,1.0,,1,1,1
6,84,9,0.25,1,1,3,0.0,0.0,1.0,,1,1,1
6,85,-15,0.5,1,-1,3,0.0,0.0,1.0,,1,1,1
6,86,9,0.25,0,1,3,1.0,1.0,0.0,,1,1,1
6,87,9,0.5,1,1,3,0.0,0.0,1.0,,1,1,1
6,88,0,0.25,1,0,3,0.0,0.0,1.0,,1,1,1
6,89,0,0.1,0,0,3,1.0,1.0,0.0,,1,1,1
6,90,9,0.1,1,1,3,0.0,0.0,1.0,,1,1,1
6,91,9,0.25,1,1,3,0.0,0.0,1.0,,1,1,1
6,92,9,0.1,1,1,3,0.0,0.0,1.0,,1,1,1
6,93,9,0.5,0,1,3,1.0,1.0,0.0,,1,1,1
6,94,0,0.25,1,0,3,0.0,0.0,1.0,,1,1,1
6,96,9,0.5,1,1,3,0.0,0.0,1.0,,1,1,1
6,97,0,0.1,1,0,3,0.0,0.0,1.0,,1,1,1
6,98,0,0.1,0,0,3,1.0,1.0,0.0,,1,1,1
6,99,-15,0.25,1,-1,3,0.0,0.0,0.957687,,1,1,1
6,100,9,0.25,1,1,3,0.0,0.0,1.0,,1,1,1
6,101,9,0.5,0,1,3,1.0,1.0,0.0,,1,1,1
6,102,0,0.5,1,0,3,0.0,0.0,1.0,,1,1,1
6,103,-15,0.5,1,-1,3,0.0,0.0,1.0,,1,1,1
6,104,9,0.25,1,1,3,0.0,0.0,1.0,,1,1,1
6,105,0,0.1,1,0,3,0.0,0.0,1.0,,1,1,1
6,106,9,0.1,1,1,3,0.0,0.0,1.0,,1,1,1
6,107,-15,0.1,0,-1,3,1.0,1.0,0.0,,1,1,1
6,108,0,0.25,1,0,3,0.0,0.0,1.0,,1,1,1
6,110,9,0.1,0,1,3,0.9715337,0.9715337,0.0,,1,1,1
6,111,0,0.25,1,0,3,0.0,0.0,1.0,,1,1,1
6,112,-15,0.1,1,-1,3,0.0,0.0,1.0,,1,1,1
6,113,9,0.1,1,1,3,0.0,0.0,1.0,,1,1,1
6,115,0,0.25,0,0,3,1.0,1.0,0.0,,1,1,1
6,116,-15,0.1,1,-1,3,0.0,0.0,1.0,,1,1,1
6,117,-15,0.25,1,-1,3,0.0,0.0,1.0,,1,1,1
6,118,9,0.25,1,1,3,0.0,0.0,1.0,,1,1,1
6,119,-15,0.1,0,-1,3,1.0,1.0,0.0,,1,1,1
6,120,0,0.1,0,0,3,1.0,1.0,0.0,,1,1,1
6,121,9,0.5,0,1,3,1.0,1.0,0.0,,1,1,1
6,122,9,0.5,0,1,3,1.0,1.0,0.0,,1,1,1
6,123,9,0.1,1,1,3,0.0,0.0,1.0,,1,1,1
6,124,0,0.5,0,0,3,1.0,1.0,0.0,,1,1,1
6,125,0,0.5,1,0,3,0.0,0.0,1.0,,1,1,1
6,126,9,0.25,0,1,3,1.0,1.0,0.0,,1,1,1
6,127,-15,0.1,1,-1,3,0.0,0.0,1.0,,1,1,1
6,128,0,0.5,0,0,3,1.0,1.0,0.0,,1,1,1
6,129,-15,0.5,0,-1,3,1.0,1.0,0.0,,1,1,1
6,131,0,0.1,0,0,3,1.0,1.0,0.0,,1,1,1
6,132,0,0.5,0,0,3,1.0,1.0,0.0,,1,1,1
6,133,-15,0.25,0,-1,3,1.0,1.0,0.0,,1,1,1
6,134,9,0.5,0,1,3,1.0,1.0,0.0,,1,1,1
6,136,-15,0.1,1,-1,3,0.0,0.0,1.0,,1,1,1
6,141,-15,0.25,0,-1,3,1.0,1.0,0.0,,1,1,1
6,142,9,0.25,0,1,3,1.0,1.0,0.0,,1,1,1
6,143,9,0.25,1,1,3,0.0,0.0,1.0,,1,1,1
6,144,9,0.5,0,1,3,1.0,1.0,0.0,,1,1,1
6,145,9,0.1,0,1,3,1.0,1.0,0.0,,1,1,1
6,146,0,0.25,0,0,3,1.0,1.0,0.0,,1,1,1
6,147,-15,0.5,0,-1,3,1.0,1.0,0.0,,1,1,1
6,149,9,0.5,0,1,3,1.0,1.0,0.0,,1,1,1
6,150,9,0.5,1,1,3,0.0,0.0,1.0,,1,1,1
6,151,0,0.5,0,0,3,1.0,1.0,0.0,,1,1,1
6,152,9,0.25,1,1,3,0.0,0.0,1.0,,1,1,1
6,153,-15,0.1,1,-1,3,0.0,0.0,1.0,,1,1,1
6,154,0,0.25,1,0,3,0.0,0.0,1.0,,1,1,1
6,156,9,0.1,0,1,3,1.0,1.0,0.0,,1,1,1
6,157,0,0.5,1,0,3,0.0,0.0,1.0,,1,1,1
6,158,9,0.5,0,1,3,1.0,1.0,0.0,,1,1,1
6,159,9,0.1,1,1,3,0.0,0.0,1.0,,1,1,1
6,160,0,0.1,1,0,3,0.0,0.0,1.0,,1,1,1
6,161,9,0.5,1,1,3,0.0,0.0,1.0,,1,1,1
6,162,0,0.25,0,0,3,1.0,1.0,0.0,,1,1,1
6,163,0,0.1,0,0,3,1.0,1.0,0.0,,1,1,1
6,164,0,0.1,1,0,3,0.0,0.0,1.0,,1,1,1
6,165,-15,0.5,1,-1,3,0.0,0.0,1.0,,1,1,1
6,167,0,0.25,0,0,3,1.0,1.0,0.0,,1,1,1
6,168,0,0.5,0,0,3,1.0,1.0,0.0,,1,1,1
6,169,0,0.5,1,0,3,0.0,0.0,1.0,,1,1,1
6,170,-15,0.25,1,-1,3,0.0,0.0,1.0,,1,1,1
6,171,0,0.1,0,0,3,1.0,1.0,0.0,,1,1,1
6,172,9,0.5,1,1,3,0.0,0.0,1.0,,1,1,1
6,173,9,0.1,1,1,3,0.0,0.0,1.0,,1,1,1
6,174,9,0.5,1,1,3,0.0,0.0,1.0,,1,1,1
6,175,0,0.1,1,0,3,0.0,0.0,1.0,,1,1,1
6,176,0,0.25,0,0,3,1.0,1.0,0.0,,1,1,1
6,177,9,0.5,1,1,3,0.0,0.0,1.0,,1,1,1
6,178,0,0.25,0,0,3,1.0,1.0,0.0,,1,1,1
6,179,9,0.25,0,1,3,1.0,1.0,0.0,,1,1,1
6,180,0,0.1,1,0,3,0.0,0.0,1.0,,1,1,1
7,1,0,0.25,0,0,3,0.9868931,0.27117,0.05360631,,1,1,1
7,4,9,0.25,1,1,3,0.004806954,0.004806954,0.9380938,,1,1,1
7,6,9,0.1,1,1,3,0.00887364,0.539566,0.9197941,,1,1,1
7,7,0,0.5,0,0,3,1.0,1.0,0.02717329,,1,1,1
7,11,-15,0.25,1,-1,3,0.1756047,0.6879975,0.9218275,,1,1,1
7,12,0,0.25,1,0,3,0.1349383,0.8608285,0.8608285,,1,1,1
7,13,0,0.5,1,0,3,0.5,0.7977958,0.9848598,,1,1,1
7,14,9,0.25,1,1,3,0.2345703,0.7428964,0.9502938,,1,1,1
7,15,9,0.1,1,1,3,0.145105,0.667664,0.9462271,,1,1,1
7,17,0,0.5,1,0,3,0.2813363,0.7388297,0.9096279,,1,1,1
7,18,0,0.25,0,0,3,0.8750615,0.7286634,0.07393929,,1,1,1
7,19,9,0.5,0,1,3,0.9177608,0.9177608,0.1003723,,1,1,1
7,20,9,0.5,1,1,3,0.5,0.5,0.9340276,,1,1,1
7,21,0,0.1,0,0,3,0.8628619,0.8628619,0.5375327,,1,1,1
7,22,9,0.25,1,1,3,0.07597264,0.07597264,0.9685935,,1,1,1
7,23,0,0.1,0,0,3,0.9767268,0.9767268,0.472467,,1,1,1
7,24,-15,0.1,1,-1,3,0.5,0.5,0.9584272,,1,1,1
7,25,-15,0.5,0,-1,3,0.9136941,0.9136941,0.1491717,,1,1,1
7,27,9,0.25,0,1,3,0.5,0.5,0.05767299,,1,1,1
7,28,0,0.1,1,0,3,0.08613892,0.08613892,0.8791282,,1,1,1
7,31,9,0.1,0,1,3,0.8343955,0.8343955,0.2488033,,1,1,1
7,32,0,0.5,1,0,3,0.1552713,0.1552713,0.8160954,,1,1,1
7,33,9,0.5,1,1,3,0.2101706,0.2101706,0.7672961,,1,1,1
7,34,0,0.1,1,0,3,0.5,0.5,1.0,,1,1,1
7,35,0,0.5,1,0,3,0.2813363,0.2813363,0.7469631,,1,1,1
7,36,9,0.1,1,1,3,0.5,0.5,0.9218275,,1,1,1
7,37,0,0.25,1,0,3,0.2976026,0.2976026,0.7266301,,1,1,1
7,38,-15,0.25,1,-1,3,0.218304,0.218304,0.8140621,,1,1,1
7,39,9,0.5,0,1,3,0.8953944,0.8953944,0.1024057,,1,1,1
7,40,0,0.25,0,0,3,0.9421605,0.9421605,0.1349383,,1,1,1
7,41,0,0.25,1,0,3,0.5,0.5,0.9950265,,1,1,1
7,42,-15,0.5,0,-1,3,0.9035279,0.9035279,0.1166386,,1,1,1
7,43,-15,0.1,1,-1,3,0.5,0.5,0.9848598,,1,1,1
7,45,9,0.1,0,1,3,0.8770948,0.8770948,0.1471384,,1,1,1
7,46,0,0.1,1,0,3,0.1430717,0.1430717,0.8425289,,1,1,1
7,47,9,0.25,1,1,3,0.1674713,0.1674713,0.8181288,,1,1,1
7,48,9,0.5,1,1,3,0.1735713,0.1735713,0.8608285,,1,1,1
7,49,-15,0.5,0,-1,3,0.8750615,0.8750615,0.2284703,,1,1,1
7,50,9,0.1,1,1,3,0.5,0.5,0.9624935,,1,1,1
7,51,9,0.1,0,1,3,0.8669281,0.8669281,0.1471383,,1,1,1
7,52,0,0.5,0,0,3,0.9014945,0.9014945,0.2000044,,1,1,1
7,54,0,0.5,0,0,3,0.7957624,0.7957624,0.2630367,,1,1,1
7,55,0,0.1,1,0,3,0.2020373,0.5049996,0.9014945,,1,1,1
7,57,9,0.25,0,1,3,0.8811615,0.8811615,0.1735714,,1,1,1
7,58,9,0.5,1,1,3,0.1837377,0.1837377,0.8160954,,1,1,1
7,59,0,0.5,1,0,3,0.5,0.5,0.9848598,,1,1,1
7,60,9,0.5,1,1,3,0.2427032,0.2427032,0.9482605,,1,1,1
7,61,-15,0.25,0,-1,3,0.8404951,0.8404951,0.1634047,,1,1,1
7,62,-15,0.5,0,-1,3,0.8364288,0.8364288,0.1817043,,1,1,1
7,63,9,0.5,0,1,3,0.8669281,0.8669281,0.2488033,,1,1,1
7,64,0,0.25,1,0,3,0.145105,0.145105,0.7855957,,1,1,1
7,66,0,0.25,0,0,3,0.9279275,0.9279275,0.1959377,,1,1,1
7,67,9,0.1,0,1,3,0.8201621,0.8201621,0.1634047,,1,1,1
7,68,9,0.1,0,1,3,0.7998291,0.7998291,0.1613713,,1,1,1
7,69,0,0.5,1,0,3,0.5,0.7489969,1.0,,1,1,1
7,70,-15,0.25,1,-1,3,0.5,0.5,1.0,,1,1,1
7,71,0,0.1,0,0,3,0.9014945,0.9014945,0.3423353,,1,1,1
7,72,-15,0.1,0,-1,3,0.9299608,0.9299608,0.3687683,,1,1,1
7,73,-15,0.1,0,-1,3,0.9096279,0.9096279,0.311836,,1,1,1
7,74,0,0.5,1,0,3,0.4663669,0.4663669,0.9116607,,1,1,1
7,76,-15,0.5,0,-1,3,0.8883609,0.8883609,0.2000044,,1,1,1
7,77,0,0.1,1,0,3,0.3983346,0.3983346,0.9238608,,1,1,1
7,78,0,0.1,1,0,3,0.5,0.5,1.0,,1,1,1
7,79,0,0.1,0,0,3,0.9025943,0.9025943,0.07597264,,1,1,1
7,80,0,0.25,0,0,3,0.874128,0.874128,0.03123997,,1,1,1
7,81,-15,0.25,0,-1,3,0.9848598,0.9848598,0.06580595,,1,1,1
7,82,0,0.25,0,0,3,0.9340276,0.9340276,0.1817043,,1,1,1
7,84,-15,0.25,0,-1,3,0.8953944,0.8953944,0.1003723,,1,1,1
7,85,9,0.25,0,1,3,0.8537951,0.8537951,0.1166386,,1,1,1
7,86,0,0.25,0,0,3,0.8872615,0.8872615,0.2284703,,1,1,1
7,88,0,0.5,1,0,3,0.5,0.5,0.9909598,,1,1,1
7,89,0,0.1,1,0,3,0.1410383,0.311836,0.9523272,,1,1,1
7,90,9,0.25,0,1,3,0.9360609,0.9360609,0.3647016,,1,1,1
7,91,0,0.25,1,0,3,0.3881683,0.3881683,0.9055611,,1,1,1
7,92,0,0.1,0,0,3,0.9014945,0.9014945,0.279303,,1,1,1
7,93,0,0.25,0,0,3,0.9238608,0.9238608,0.1735713,,1,1,1
7,94,-15,0.25,1,-1,3,0.432901,0.432901,0.9645268,,1,1,1
7,95,0,0.1,1,0,3,0.05563965,0.05563965,0.9218275,,1,1,1
7,98,-15,0.1,1,-1,3,0.2173705,0.2173705,0.7968623,,1,1,1
7,99,9,0.1,1,1,3,0.2987025,0.2987025,0.9584272,,1,1,1
7,100,9,0.25,0,1,3,0.9299608,0.9299608,0.224404,,1,1,1
7,101,9,0.25,1,1,3,0.4918671,0.4918671,0.9473276,,1,1,1
7,102,0,0.5,0,0,3,0.8404955,0.8404955,0.1146053,,1,1,1
7,104,0,0.25,1,0,3,0.2783696,0.2783696,0.9249607,,1,1,1
7,105,9,0.25,1,1,3,0.7399296,0.7399296,0.9351275,,1,1,1
7,106,0,0.5,0,0,3,0.8619283,0.8619283,0.2081373,,1,1,1
7,109,9,0.25,1,1,3,0.4573006,0.4573006,0.9391941,,1,1,1
7,110,-15,0.5,1,-1,3,0.5,0.5,0.9208941,,1,1,1
7,112,0,0.5,0,0,3,0.8221954,0.8221954,0.279303,,1,1,1
7,114,9,0.1,1,1,3,0.26507,0.26507,0.6961304,,1,1,1
7,115,9,0.5,1,1,3,0.2406704,0.2406704,0.8608281,,1,1,1
7,117,9,0.1,0,1,3,0.8456621,0.8456621,0.291503,,1,1,1
7,119,9,0.25,0,1,3,0.8578616,0.8578616,0.206104,,1,1,1
7,121,9,0.5,1,1,3,0.4186676,0.4186676,0.9218275,,1,1,1
7,122,0,0.5,1,0,3,0.3332689,0.3332689,0.9493608,,1,1,1
7,123,9,0.1,0,1,3,0.8395621,0.8395621,0.1613713,,1,1,1
7,126,0,0.5,0,0,3,0.8253286,0.8253286,0.2040706,,1,1,1
7,127,9,0.25,0,1,3,0.8436286,0.8436286,0.1939043,,1,1,1
7,128,9,0.5,0,1,3,0.8425289,0.8425289,0.1796709,,1,1,1
7,129,9,0.25,0,1,3,0.9046281,0.9046281,0.3220023,,1,1,1
7,130,0,0.1,0,0,3,0.894461,0.894461,0.2610033,,1,1,1
7,131,0,0.25,1,0,3,0.2783695,0.2783695,0.9473268,,1,1,1
7,133,0,0.25,1,0,3,0.1360382,0.1360382,0.9086939,,1,1,1
7,134,0,0.1,0,0,3,0.8476949,0.8476949,0.1695047,,1,1,1
7,135,9,0.1,0,1,3,0.8293953,0.8293953,0.299636,,1,1,1
7,136,9,0.5,0,1,3,0.8334624,0.8334624,0.2223706,,1,1,1
7,137,9,0.1,1,1,3,0.4186675,0.4186675,0.8700612,,1,1,1
7,139,0,0.25,1,0,3,0.3393688,0.3393688,0.9656265,,1,1,1
7,140,-15,0.25,0,-1,3,0.8720951,0.8720951,0.1929707,,1,1,1
7,141,-15,0.5,1,-1,3,0.5975987,0.5975987,0.8700618,,1,1,1
7,142,-15,0.25,0,-1,3,0.8537951,0.8537951,0.177638,,1,1,1
7,143,9,0.25,0,1,3,0.8375286,0.8375286,0.197971,,1,1,1
7,144,-15,0.1,0,-1,3,0.847695,0.847695,0.2040706,,1,1,1
7,145,0,0.1,0,0,3,0.8456616,0.8456616,0.1878043,,1,1,1
7,146,9,0.1,1,1,3,0.2499036,0.2499036,0.9502938,,1,1,1
7,147,9,0.1,0,1,3,0.894461,0.894461,0.507033,,1,1,1
7,149,0,0.25,0,0,3,0.8578612,0.8578612,0.2752363,,1,1,1
7,150,9,0.25,1,1,3,0.2234706,0.2234706,0.9025941,,1,1,1
7,152,9,0.5,0,1,3,0.7195971,0.7195971,0.2162707,,1,1,1
7,154,0,0.25,1,0,3,0.3271693,0.3271693,0.9066613,,1,1,1
7,155,-15,0.25,1,-1,3,0.3129359,0.3129359,0.8831947,,1,1,1
7,157,0,0.1,1,0,3,0.3292026,0.3292026,0.8680283,,1,1,1
7,158,9,0.5,0,1,3,0.8049952,0.8049952,0.212204,,1,1,1
7,159,9,0.25,1,1,3,0.3861345,0.3861345,0.9310601,,1,1,1
7,161,9,0.25,0,1,3,0.900561,0.900561,0.3800348,,1,1,1
7,162,0,0.5,0,0,3,0.8842947,0.8842947,0.2813363,,1,1,1
7,163,9,0.5,1,1,3,0.2682033,0.2682033,0.8863274,,1,1,1
7,164,9,0.1,1,1,3,0.432901,0.432901,0.9656271,,1,1,1
7,165,0,0.1,1,0,3,0.2438036,0.2438036,0.8842946,,1,1,1
7,166,-15,0.5,0,-1,3,0.8558287,0.8558287,0.2284703,,1,1,1
7,169,0,0.1,0,0,3,0.9493604,0.9493604,0.07800598,,1,1,1
7,170,0,0.5,1,0,3,0.2682032,0.2682032,0.9746934,,1,1,1
7,171,9,0.5,1,1,3,0.3373356,0.3373356,0.9665601,,1,1,1
7,172,9,0.1,1,1,3,0.3190359,0.3190359,0.8558283,,1,1,1
7,173,0,0.25,0,0,3,0.912761,0.912761,0.5548992,,1,1,1
7,175,9,0.5,1,1,3,0.593532,0.593532,0.8994611,,1,1,1
7,176,9,0.1,0,1,3,0.8852281,0.6534306,0.4623003,,1,1,1
7,177,9,0.5,0,1,3,0.9290273,0.9290273,0.472467,,1,1,1
7,180,9,0.5,0,1,3,0.8741284,0.8741284,0.206104,,1,1,1
8,3,9,0.25,1,1,3,0.006840297,0.006840297,0.9401271,,1,1,1
8,4,0,0.1,0,0,3,1.0,0.0,0.0,,1,1,1
8,5,0,0.1,1,0,3,0.0,0.9665601,0.9665601,,1,1,1
8,7,9,0.5,1,1,3,0.0007402693,0.0007402693,1.0,,1,1,1
8,10,-15,0.1,0,-1,3,0.9868931,0.9868931,0.0,,1,1,1
8,11,0,0.1,1,0,3,0.02920663,0.02920663,0.9807935,,1,1,1
8,12,0,0.5,1,0,3,0.02717329,0.02717329,1.0,,1,1,1
8,13,0,0.5,1,0,3,0.0,0.0,1.0,,1,1,1
8,14,9,0.1,1,1,3,0.0,0.0,0.9685935,,1,1,1
8,15,0,0.25,1,0,3,0.0,0.0,0.9828265,,1,1,1
8,16,0,0.1,1,0,3,0.002773612,1.0,1.0,,1,1,1
8,17,9,0.5,1,1,3,0.01090698,0.01090698,0.9909598,,1,1,1
8,18,9,0.25,0,1,3,0.9685935,0.0,0.0,,1,1,1
8,19,0,0.25,1,0,3,0.0,0.0,0.9909598,,1,1,1
8,20,0,0.5,0,0,3,1.0,1.0,0.0,,1,1,1
8,21,-15,0.1,1,-1,3,0.01903992,0.01903992,0.9624935,,1,1,1
8,22,0,0.1,1,0,3,0.0,0.0,1.0,,1,1,1
8,23,-15,0.1,1,-1,3,0.0,0.0,0.9726602,,1,1,1
8,24,-15,0.1,1,-1,3,0.01700657,0.01700657,1.0,,1,1,1
8,25,0,0.1,0,0,3,0.9787602,0.9787602,0.01497367,,1,1,1
8,26,0,0.5,1,0,3,0.002773612,0.002773612,1.0,,1,1,1
8,27,-15,0.5,1,-1,3,0.0,0.0,0.9441938,,1,1,1
8,28,0,0.1,0,0,3,0.9685935,0.9685935,0.01497367,,1,1,1
8,29,9,0.5,0,1,3,0.9868931,0.9868931,0.0,,1,1,1
8,30,9,0.5,0,1,3,1.0,1.0,0.03937291,,1,1,1
8,31,-15,0.5,0,-1,3,1.0,1.0,0.0,,1,1,1
8,32,0,0.5,0,0,3,0.9868931,0.9868931,0.0,,1,1,1
8,33,-15,0.25,0,-1,3,0.9929932,0.9929932,0.01700657,,1,1,1
8,34,-15,0.25,0,-1,3,0.9828265,0.9828265,0.03530666,,1,1,1
8,35,-15,0.1,0,-1,3,0.9787602,0.9787602,0.006840297,,1,1,1
8,36,9,0.1,0,1,3,0.9828265,0.9828265,0.0007402693,,1,1,1
8,37,0,0.5,0,0,3,0.9848598,0.9848598,0.0,,1,1,1
8,38,9,0.1,0,1,3,0.9807935,0.9807935,0.02920668,,1,1,1
8,40,9,0.25,0,1,3,0.9868931,0.9868931,0.0,,1,1,1
8,41,0,0.25,0,0,3,0.9807935,0.9807935,0.0,,1,1,1
8,42,0,0.1,0,0,3,0.9909598,0.9909598,0.0,,1,1,1
8,43,9,0.5,0,1,3,0.9868931,0.9868931,0.0,,1,1,1
8,44,-15,0.25,1,-1,3,0.0,0.0,0.9685935,,1,1,1
8,45,-15,0.5,0,-1,3,0.9828265,0.9828265,0.01090698,,1,1,1
8,46,-15,0.5,0,-1,3,1.0,1.0,0.01294032,,1,1,1
8,49,-15,0.5,1,-1,3,0.0,0.0,1.0,,1,1,1
8,50,0,0.25,1,0,3,0.0007402693,0.0007402693,0.9767268,,1,1,1
8,51,0,0.5,1,0,3,0.01700657,0.01700657,0.9929932,,1,1,1
8,52,-15,0.25,1,-1,3,0.0,0.0,0.9909598,,1,1,1
8,54,9,0.25,1,1,3,0.01497367,0.01497367,0.9848598,,1,1,1
8,55,9,0.1,1,1,3,0.04343959,0.04343959,1.0,,1,1,1
8,56,-15,0.5,0,-1,3,0.9868931,0.9868931,0.0,,1,1,1
8,57,0,0.1,0,0,3,1.0,1.0,0.0,,1,1,1
8,58,-15,0.5,1,-1,3,0.004807009,0.004807009,0.9604601,,1,1,1
8,60,0,0.5,0,0,3,1.0,1.0,0.0,,1,1,1
8,61,-15,0.1,0,-1,3,0.9421605,0.9421605,0.02920663,,1,1,1
8,62,9,0.5,1,1,3,0.0,0.0,1.0,,1,1,1
8,64,9,0.1,0,1,3,0.9990932,0.5700657,0.01294032,,1,1,1
8,66,-15,0.25,1,-1,3,0.0,0.0,1.0,,1,1,1
8,67,0,0.25,0,0,3,0.9746935,0.9746935,0.006840297,,1,1,1
8,68,9,0.25,0,1,3,1.0,1.0,0.0,,1,1,1
8,69,9,0.5,0,1,3,0.9685935,0.9685935,0.0,,1,1,1
8,71,-15,0.25,1,-1,3,0.004806954,0.004806954,1.0,,1,1,1
8,72,9,0.25,1,1,3,0.0,0.0,0.9706268,,1,1,1
8,73,-15,0.1,1,-1,3,0.02107326,0.02107326,1.0,,1,1,1
8,76,9,0.1,1,1,3,0.0007402693,0.0007402693,0.9807935,,1,1,1
8,77,-15,0.1,0,-1,3,1.0,0.4887334,0.02107326,,1,1,1
8,80,-15,0.1,1,-1,3,0.02107326,0.02107326,1.0,,1,1,1
8,81,9,0.25,1,1,3,0.0,0.0,0.9787602,,1,1,1
8,82,0,0.1,1,0,3,0.01903992,0.01903992,0.9848598,,1,1,1
8,83,9,0.25,0,1,3,0.9665601,0.9665601,0.0,,1,1,1
8,84,-15,0.25,0,-1,3,0.9868931,0.5476994,0.0,,1,1,1
8,85,-15,0.25,0,-1,3,1.0,1.0,0.03734,,1,1,1
8,86,0,0.25,1,0,3,0.0,0.0,1.0,,1,1,1
8,87,9,0.25,0,1,3,1.0,1.0,0.00887364,,1,1,1
8,88,-15,0.1,0,-1,3,1.0,0.5314327,0.01294032,,1,1,1
8,89,9,0.5,1,1,3,0.0,0.0,1.0,,1,1,1
8,90,9,0.5,0,1,3,0.9136941,0.9136941,0.0,,1,1,1
8,91,9,0.1,1,1,3,0.0,0.460267,0.9868931,,1,1,1
8,92,9,0.1,0,1,3,0.9746935,0.5049996,0.0,,1,1,1
8,93,0,0.25,0,0,3,0.9807935,0.9807935,0.01903992,,1,1,1
8,94,9,0.1,1,1,3,0.01294032,0.01294032,0.5029668,,1,1,1
8,95,9,0.1,0,1,3,0.9990932,0.4989001,0.01497367,,1,1,1
8,97,9,0.5,0,1,3,1.0,1.0,0.01294032,,1,1,1
8,98,-15,0.5,1,-1,3,0.05360631,0.05360631,0.9767268,,1,1,1
8,99,9,0.25,0,1,3,0.9645268,0.9645268,0.0,,1,1,1
8,100,-15,0.25,1,-1,3,0.01903997,0.4928,1.0,,1,1,1
8,101,0,0.1,0,0,3,1.0,0.565999,0.03123997,,1,1,1
8,102,0,0.5,0,0,3,1.0,1.0,0.02107326,,1,1,1
8,103,9,0.25,0,1,3,0.9990932,0.5436327,0.01090698,,1,1,1
8,105,9,0.1,1,1,3,0.004806954,0.5049996,1.0,,1,1,1
8,106,-15,0.25,0,-1,3,1.0,1.0,0.01903992,,1,1,1
8,107,9,0.5,0,1,3,0.9889265,0.9889265,0.0,,1,1,1
8,108,-15,0.25,1,-1,3,0.03530666,0.311836,1.0,,1,1,1
8,109,9,0.1,1,1,3,0.0231066,0.5110997,1.0,,1,1,1
8,110,-15,0.25,0,-1,3,0.9828265,0.519233,0.01294032,,1,1,1
8,111,0,0.5,1,0,3,0.0231066,0.0231066,0.9909598,,1,1,1
8,112,-15,0.1,1,-1,3,0.0,0.5090663,1.0,,1,1,1
8,113,9,0.1,0,1,3,1.0,0.533466,0.0,,1,1,1
8,114,-15,0.25,1,-1,3,0.0,0.0,0.9624935,,1,1,1
8,115,0,0.5,1,0,3,0.0231066,0.0231066,0.9807935,,1,1,1
8,116,0,0.5,1,0,3,0.0,0.372835,0.9604601,,1,1,1
8,117,-15,0.5,0,-1,3,1.0,0.5253331,0.0,,1,1,1
8,119,0,0.25,0,0,3,1.0,1.0,0.02717329,,1,1,1
8,121,0,0.1,1,0,3,0.01903992,0.4562007,1.0,,1,1,1
8,122,9,0.1,1,1,3,0.05360631,0.05360631,0.9990932,,1,1,1
8,124,-15,0.5,0,-1,3,1.0,0.4562007,0.01090698,,1,1,1
8,125,-15,0.5,0,-1,3,1.0,1.0,0.0,,1,1,1
8,127,9,0.25,0,1,3,1.0,1.0,0.0,,1,1,1
8,131,9,0.5,1,1,3,0.02920663,0.02920663,1.0,,1,1,1
8,132,9,0.1,1,1,3,0.0,0.0,0.9889265,,1,1,1
8,133,0,0.5,0,0,3,0.9929932,0.01090698,0.01090698,,1,1,1
8,134,0,0.1,0,0,3,0.9482605,0.5558323,0.0,,1,1,1
8,135,0,0.25,0,0,3,1.0,0.01903992,0.01903992,,1,1,1
8,136,0,0.1,0,0,3,0.9909598,0.5497327,0.03530666,,1,1,1
8,137,-15,0.25,0,-1,3,1.0,0.5883654,0.01294032,,1,1,1
8,138,9,0.25,1,1,3,0.0,0.0,0.9909598,,1,1,1
8,139,0,0.1,1,0,3,0.0,0.0,0.9726602,,1,1,1
8,140,-15,0.25,0,-1,3,1.0,1.0,0.03734,,1,1,1
8,141,9,0.25,1,1,3,0.0,0.0,0.9970598,,1,1,1
8,142,9,0.1,1,1,3,0.002773612,0.4928,1.0,,1,1,1
8,143,0,0.1,1,0,3,0.01903992,0.4643337,0.9685935,,1,1,1
8,144,9,0.5,0,1,3,1.0,1.0,0.03327332,,1,1,1
8,145,-15,0.1,1,-1,3,0.03937291,0.03937291,1.0,,1,1,1
8,146,0,0.5,0,0,3,1.0,1.0,0.03734,,1,1,1
8,147,9,0.1,0,1,3,0.9828265,0.9828265,0.04140625,,1,1,1
8,148,0,0.1,1,0,3,0.002773612,0.4907667,1.0,,1,1,1
8,149,-15,0.1,0,-1,3,1.0,0.5720991,0.01903992,,1,1,1
8,151,9,0.25,0,1,3,0.9970598,0.9970598,0.01700657,,1,1,1
8,152,9,0.25,1,1,3,0.01294032,0.4440007,1.0,,1,1,1
8,153,-15,0.5,1,-1,3,0.0,0.2976026,0.9970598,,1,1,1
8,156,9,0.5,0,1,3,1.0,1.0,0.0,,1,1,1
8,157,-15,0.5,1,-1,3,0.0,0.0,0.9970598,,1,1,1
8,158,-15,0.1,1,-1,3,0.0,0.4928,0.9807935,,1,1,1
8,159,0,0.25,0,0,3,0.9970598,0.5497327,0.0,,1,1,1
8,161,9,0.5,1,1,3,0.0,0.4501007,0.9665601,,1,1,1
8,162,9,0.5,1,1,3,0.0,0.5212664,1.0,,1,1,1
8,164,-15,0.5,0,-1,3,1.0,1.0,0.01903992,,1,1,1
8,166,-15,0.5,1,-1,3,0.0007402693,0.0007402693,1.0,,1,1,1
8,169,9,0.25,0,1,3,1.0,0.0,0.0,,1,1,1
8,170,0,0.25,1,0,3,0.00887364,0.00887364,0.5090663,,1,1,1
8,171,0,0.1,1,0,3,0.01294032,0.01294032,1.0,,1,1,1
8,172,9,0.25,1,1,3,0.0007402693,0.0007402693,1.0,,1,1,1
8,173,-15,0.1,0,-1,3,1.0,0.01497367,0.01497367,,1,1,1
8,174,0,0.25,1,0,3,0.0,0.0,0.9990932,,1,1,1
8,175,0,0.25,0,0,3,1.0,0.02107326,0.02107326,,1,1,1
8,176,-15,0.5,0,-1,3,1.0,0.5029668,0.004806954,,1,1,1
8,178,9,0.1,0,1,3,1.0,1.0,0.0007402693,,1,1,1
8,180,9,0.5,0,1,3,0.9990932,0.9990932,0.0,,1,1,1
9,1,0,0.5,0,0,3,0.7672961,0.4704337,0.27117,,1,1,1
9,3,9,0.1,1,1,3,0.009973641,0.5914987,0.8598952,,1,1,1
9,5,-15,0.25,1,-1,3,0.1563716,0.3617353,0.5691323,,1,1,1
9,8,9,0.1,1,1,3,0.03030664,0.3454691,0.6118317,,1,1,1
9,9,9,0.5,0,1,3,0.8497284,0.6585976,0.373935,,1,1,1
9,10,-15,0.25,1,-1,3,0.0,0.1707973,0.4127603,,1,1,1
9,11,0,0.5,1,0,3,0.0,0.4188607,0.8885546,,1,1,1
9,12,9,0.5,0,1,3,1.0,1.0,0.001647513,,1,1,1
9,13,9,0.25,0,1,3,0.9046282,0.8049962,0.2275379,,1,1,1
9,14,9,0.5,0,1,3,0.9371608,0.9371608,0.245837,,1,1,1
9,15,9,0.5,1,1,3,0.0,0.1626644,0.8153556,,1,1,1
9,16,0,0.25,0,0,3,0.8964944,0.8029624,0.298703,,1,1,1
9,17,-15,0.25,0,-1,3,0.9574938,0.8619285,0.1279053,,1,1,1
9,18,0,0.5,1,0,3,0.07910595,0.1604383,0.886328,,1,1,1
9,19,9,0.25,1,1,3,0.03640616,0.1360378,0.7184967,,1,1,1
9,20,9,0.25,0,1,3,0.9249608,0.8659951,0.1430716,,1,1,1
9,24,0,0.1,1,0,3,0.01200693,0.2295707,0.5650661,,1,1,1
9,25,9,0.1,1,1,3,0.1340053,0.3475024,0.6158988,,1,1,1
9,30,0,0.1,1,0,3,0.0689392,0.5101662,0.7256966,,1,1,1
9,31,9,0.25,1,1,3,0.1279053,0.25397,0.7805961,,1,1,1
9,32,9,0.1,1,1,3,0.05470631,0.2743033,0.6260651,,1,1,1
9,33,0,0.25,1,0,3,0.05267296,0.3963013,0.6260646,,1,1,1
9,34,-15,0.1,1,-1,3,0.009973662,0.009973662,0.4857666,,1,1,1
9,35,9,0.5,1,1,3,0.08520596,0.2295702,0.4816999,,1,1,1
9,36,0,0.1,1,0,3,0.0,0.119965,0.5591587,,1,1,1
9,38,-15,0.1,0,-1,3,0.8375288,0.7683964,0.2641375,,1,1,1
9,45,0,0.25,0,0,3,0.9127612,0.9127612,0.2560032,,1,1,1
9,49,-15,0.5,1,-1,3,0.02107326,0.2000044,0.352502,,1,1,1
9,54,-15,0.25,1,-1,3,0.2153372,0.2844696,0.6362314,,1,1,1
9,55,-15,0.5,1,-1,3,0.1889047,0.2621037,0.574132,,1,1,1
9,56,-15,0.25,1,-1,3,0.2133044,0.3617353,0.453234,,1,1,1
9,63,-15,0.1,1,-1,3,0.2295703,0.4959329,0.7460297,,1,1,1
9,68,9,0.1,0,1,3,0.815162,0.6972303,0.4410339,,1,1,1
9,69,-15,0.1,0,-1,3,0.8415955,0.8415955,0.158405,,1,1,1
9,72,0,0.25,0,0,3,0.8415955,0.6890978,0.3902022,,1,1,1
9,75,9,0.25,0,1,3,0.8395621,0.8395621,0.1075723,,1,1,1
9,76,-15,0.5,0,-1,3,0.8720948,0.8720948,0.353602,,1,1,1
9,78,0,0.5,1,0,3,0.1116389,0.1990709,0.6687644,,1,1,1
9,79,9,0.25,1,1,3,0.1014722,0.1014722,0.6423312,,1,1,1
9,80,-15,0.5,1,-1,3,0.1674713,0.2691367,0.685964,,1,1,1
9,84,0,0.5,1,0,3,0.1828046,0.3027697,0.6646977,,1,1,1
9,85,9,0.5,1,1,3,0.1462049,0.2275369,0.741963,,1,1,1
9,89,-15,0.25,0,-1,3,0.8181288,0.7286634,0.3159027,,1,1,1
9,93,9,0.25,0,1,3,0.7622964,0.6280984,0.4024013,,1,1,1
9,95,-15,0.25,1,-1,3,0.2783696,0.3820683,0.7439963,,1,1,1
9,99,0,0.1,0,0,3,0.7835623,0.6432643,0.2528699,,1,1,1
9,100,-15,0.1,0,-1,3,0.8517618,0.7846627,0.3170027,,1,1,1
9,101,0,0.5,0,0,3,0.7155304,0.613865,0.2458365,,1,1,1
9,104,0,0.1,0,0,3,0.780596,0.6606309,0.2508366,,1,1,1
9,105,0,0.5,0,0,3,0.9452937,0.8639612,0.2133034,,1,1,1
9,107,9,0.1,1,1,3,0.1613713,0.2528701,0.7306968,,1,1,1
9,108,9,0.5,1,1,3,0.2153372,0.3109026,0.7724627,,1,1,1
9,109,9,0.5,1,1,3,0.2112711,0.3007364,0.6667311,,1,1,1
9,111,-15,0.1,0,-1,3,0.8273621,0.72163,0.333269,,1,1,1
9,112,9,0.25,0,1,3,0.8009295,0.7378972,0.27117,,1,1,1
9,114,0,0.1,1,0,3,0.2824363,0.3902013,0.849728,,1,1,1
9,117,0,0.5,0,0,3,0.8232954,0.707397,0.1319715,,1,1,1
9,118,9,0.5,0,1,3,0.7561964,0.6504647,0.1218052,,1,1,1
9,119,-15,0.1,0,-1,3,0.7724627,0.5792986,0.2397365,,1,1,1
9,120,-15,0.1,1,-1,3,0.1055389,0.2214373,0.7236633,,1,1,1
9,124,9,0.25,0,1,3,0.6829973,0.5426993,0.245837,,1,1,1
9,125,0,0.25,0,0,3,0.7521302,0.5040667,0.217371,,1,1,1
9,126,-15,0.5,0,-1,3,0.8558284,0.4999997,0.124772,,1,1,1
9,127,9,0.1,0,1,3,0.8293954,0.6484309,0.1950043,,1,1,1
9,128,0,0.1,0,0,3,0.7968624,0.6362314,0.3292027,,1,1,1
9,129,0,0.5,0,0,3,0.7216304,0.6443647,0.2885367,,1,1,1
9,132,9,0.25,1,1,3,0.08927219,0.1706042,0.7195962,,1,1,1
9,135,0,0.1,1,0,3,0.1767046,0.3271689,0.640298,,1,1,1
9,137,0,0.1,0,0,3,0.8933611,0.6859642,0.1491718,,1,1,1
9,138,9,0.5,1,1,3,0.178738,0.2966697,0.6524981,,1,1,1
9,139,9,0.25,1,1,3,0.1746713,0.2499036,0.7114636,,1,1,1
9,140,9,0.5,1,1,3,0.2194039,0.2194039,0.6972308,,1,1,1
9,142,-15,0.5,1,-1,3,0.1929709,0.292603,0.7358634,,1,1,1
9,144,9,0.5,0,1,3,0.7765294,0.6890974,0.3698688,,1,1,1
9,145,-15,0.5,0,-1,3,0.7785628,0.5975987,0.3739354,,1,1,1
9,146,-15,0.25,1,-1,3,0.1950042,0.3565687,0.6615644,,1,1,1
9,148,0,0.1,0,0,3,0.72053,0.6229314,0.1674713,,1,1,1
9,150,-15,0.25,0,-1,3,0.7826294,0.6179317,0.1421383,,1,1,1
9,152,9,0.1,0,1,3,0.8314288,0.7256967,0.172638,,1,1,1
9,154,0,0.5,1,0,3,0.1136719,0.2580366,0.7449298,,1,1,1
9,155,0,0.25,1,0,3,0.1014723,0.3292023,0.72163,,1,1,1
9,157,9,0.5,0,1,3,0.802962,0.6728303,0.2214366,,1,1,1
9,158,-15,0.25,0,-1,3,0.8720948,0.7846623,0.1279043,,1,1,1
9,161,0,0.25,0,0,3,0.7094304,0.4715337,0.2214374,,1,1,1
9,165,9,0.25,0,1,3,0.8151624,0.735863,0.3048026,,1,1,1
9,166,9,0.5,0,1,3,0.8720953,0.7683966,0.2316042,,1,1,1
9,167,-15,0.25,0,-1,3,0.7724627,0.7175633,0.2865026,,1,1,1
9,168,9,0.1,0,1,3,0.7236639,0.6118322,0.326069,,1,1,1
9,169,0,0.25,0,0,3,0.8262618,0.7306964,0.269136,,1,1,1
9,170,0,0.1,0,0,3,0.7643293,0.5883654,0.2467704,,1,1,1
9,173,0,0.5,0,0,3,0.7297633,0.6524981,0.2661699,,1,1,1
9,174,-15,0.25,0,-1,3,0.72163,0.6158979,0.2081373,,1,1,1
9,176,9,0.5,1,1,3,0.09130596,0.2377036,0.6768973,,1,1,1
9,178,0,0.25,0,0,3,0.8253287,0.6565644,0.1767042,,1,1,1
9,179,-15,0.25,0,-1,3,0.8192292,0.6463982,0.1909377,,1,1,1
9,180,9,0.1,0,1,3,1.0,0.5,0.0,,1,1,1
10,6,-15,0.1,0,-1,3,1.0,0.6482381,0.3554419,,1,1,1
10,34,0,0.1,1,0,3,0.0,0.6974232,1.0,,1,1,1
10,35,0,0.5,1,0,3,0.0,0.7014899,1.0,,1,1,1
10,36,0,0.1,1,0,3,0.0,0.6709906,1.0,,1,1,1
10,42,9,0.1,1,1,3,0.0,0.6892897,1.0,,1,1,1
10,43,0,0.25,1,0,3,0.0,0.3151619,1.0,,1,1,1
10,50,-15,0.1,0,-1,3,1.0,0.3839084,0.0,,1,1,1
10,51,-15,0.1,0,-1,3,1.0,0.6432647,0.0,,1,1,1
10,58,0,0.1,0,0,3,1.0,0.7173705,0.3025764,,1,1,1
10,68,-15,0.1,0,-1,3,1.0,0.7133039,0.4245748,,1,1,1
10,76,9,0.5,1,1,3,0.0,0.3049956,1.0,,1,1,1
10,96,0,0.1,0,0,3,1.0,0.3981415,0.0,,1,1,1
10,106,0,0.25,1,0,3,0.0,0.3090623,0.7096229,,1,1,1
10,109,0,0.1,1,0,3,0.0,0.313129,0.6750574,,1,1,1
10,111,9,0.25,0,1,3,1.0,0.6767046,0.3188432,,1,1,1
10,114,-15,0.5,1,-1,3,0.2926029,0.6850305,1.0,,1,1,1
10,119,9,0.25,1,1,3,0.0,0.6709906,1.0,,1,1,1
10,121,0,0.1,1,0,3,0.0,0.628291,1.0,,1,1,1
10,159,9,0.5,1,1,3,0.0,0.5977911,1.0,,1,1,1
10,160,9,0.1,1,1,3,0.0,0.6974232,1.0,,1,1,1
11,2,9,0.5,0,1,3,0.8547285,0.8547285,0.1837376,,1,1,1
11,5,9,0.25,1,1,3,0.191871,0.507033,0.8242288,,1,1,1
11,6,-15,0.1,1,-1,3,0.1369716,0.5110997,0.8587952,,1,1,1
11,7,-15,0.25,1,-1,3,0.1593379,0.5415993,0.8811615,,1,1,1
11,9,0,0.1,1,0,3,0.1674713,0.5110997,0.8953944,,1,1,1
11,10,9,0.5,1,1,3,0.197971,0.5415994,0.8221954,,1,1,1
11,11,0,0.5,1,0,3,0.1593379,0.378935,0.8953944,,1,1,1
11,14,0,0.5,0,0,3,0.8628619,0.8628619,0.2467704,,1,1,1
11,17,0,0.1,1,0,3,0.5,0.5,0.8323622,,1,1,1
11,19,0,0.5,0,0,3,0.9096279,0.9096279,0.273203,,1,1,1
11,20,9,0.1,1,1,3,0.5,0.5,0.8974278,,1,1,1
11,21,0,0.1,1,0,3,0.2000044,0.5517657,0.8974278,,1,1,1
11,22,-15,0.5,0,-1,3,0.8669281,0.4887334,0.124772,,1,1,1
11,23,-15,0.5,0,-1,3,0.8709948,0.527366,0.2955693,,1,1,1
11,24,9,0.1,0,1,3,0.5,0.5,0.1349383,,1,1,1
11,25,-15,0.1,0,-1,3,0.8872615,0.5375327,0.1593379,,1,1,1
11,26,0,0.25,1,0,3,0.2345703,0.2345703,0.694097,,1,1,1
11,27,-15,0.1,0,-1,3,0.5,0.5,0.1186719,,1,1,1
11,28,0,0.25,1,0,3,0.1390049,0.1390049,0.8425289,,1,1,1
11,29,9,0.1,1,1,3,0.3098027,0.3098027,0.8181288,,1,1,1
11,30,-15,0.1,0,-1,3,0.8669281,0.8669281,0.2081373,,1,1,1
11,31,0,0.25,0,0,3,0.8587947,0.8587947,0.165438,,1,1,1
11,32,9,0.25,1,1,3,0.1552713,0.1552713,0.8628619,,1,1,1
11,33,9,0.1,1,1,3,0.3504687,0.3504687,0.8465951,,1,1,1
11,34,0,0.5,0,0,3,0.9421605,0.9421605,0.06783926,,1,1,1
11,35,-15,0.5,0,-1,3,1.0,1.0,0.01903992,,1,1,1
11,36,0,0.1,0,0,3,0.8343955,0.8343955,0.2569366,,1,1,1
11,37,-15,0.5,1,-1,3,0.06173968,0.1939043,0.8974278,,1,1,1
11,38,9,0.1,0,1,3,0.7347634,0.7347634,0.2203373,,1,1,1
11,39,9,0.25,0,1,3,0.9584272,0.9584272,0.1349383,,1,1,1
11,40,9,0.1,1,1,3,0.1613713,0.1613713,0.8364288,,1,1,1
11,41,-15,0.25,0,-1,3,0.9441938,0.7713627,0.2000044,,1,1,1
11,42,9,0.5,0,1,3,0.9685935,0.9685935,0.03327332,,1,1,1
11,43,9,0.1,0,1,3,0.8201621,0.8201621,0.04343957,,1,1,1
11,44,0,0.5,0,0,3,0.9258937,0.9258937,0.1024056,,1,1,1
11,46,9,0.25,0,1,3,0.9706268,0.9706268,0.08613889,,1,1,1
11,47,9,0.5,0,1,3,0.9380938,0.9380938,0.06580595,,1,1,1
11,48,-15,0.1,1,-1,3,0.1735713,0.1735713,0.8262621,,1,1,1
11,49,-15,0.1,1,-1,3,0.3708017,0.3708017,0.8242288,,1,1,1
11,50,0,0.25,0,0,3,0.9136941,0.9136941,0.0800393,,1,1,1
11,51,-15,0.25,0,-1,3,0.9380938,0.9380938,0.104439,,1,1,1
11,52,-15,0.5,1,-1,3,0.09223894,0.09223894,0.9502938,,1,1,1
11,53,9,0.5,0,1,3,0.9319942,0.9319942,0.09630563,,1,1,1
11,54,9,0.5,1,1,3,0.05767299,0.05767299,0.8892949,,1,1,1
11,55,0,0.5,1,0,3,0.02513994,0.02513994,0.9401271,,1,1,1
11,56,9,0.25,1,1,3,0.02920663,0.5151663,0.9462271,,1,1,1
11,57,9,0.5,0,1,3,1.0,1.0,0.07393929,,1,1,1
11,58,9,0.1,1,1,3,0.02513994,0.185771,0.9401271,,1,1,1
11,59,0,0.25,1,0,3,0.0,0.0,0.4887338,,1,1,1
11,60,-15,0.5,1,-1,3,0.01090698,0.01090698,0.9868931,,1,1,1
11,62,0,0.25,1,0,3,0.5,0.5,0.9706268,,1,1,1
11,63,-15,0.25,1,-1,3,0.05157296,0.5619324,0.9828265,,1,1,1
11,64,-15,0.25,1,-1,3,0.03530666,0.507033,0.9340276,,1,1,1
11,65,9,0.1,0,1,3,0.9970598,0.9970598,0.09630563,,1,1,1
11,66,-15,0.25,0,-1,3,0.9177608,0.9177608,0.03530622,,1,1,1
11,68,-15,0.25,0,-1,3,0.8628619,0.7184967,0.118672,,1,1,1
11,69,9,0.25,1,1,3,0.07190596,0.07190596,0.9258941,,1,1,1
11,71,0,0.5,1,0,3,0.3687683,0.3687683,0.9523272,,1,1,1
11,72,0,0.1,0,0,3,0.8547285,0.4684004,0.1105386,,1,1,1
11,73,-15,0.25,0,-1,3,0.7916957,0.7022304,0.218304,,1,1,1
11,74,9,0.25,1,1,3,0.2366037,0.2366037,0.9726602,,1,1,1
11,75,0,0.25,1,0,3,0.2630367,0.2630367,0.7652627,,1,1,1
11,76,0,0.25,0,0,3,0.7306967,0.7306967,0.25897,,1,1,1
11,77,0,0.25,0,0,3,0.8709948,0.6879975,0.1085057,,1,1,1
11,78,9,0.25,0,1,3,0.9502938,0.9502938,0.2020372,,1,1,1
11,79,0,0.5,1,0,3,0.5,0.5,0.9828265,,1,1,1
11,80,-15,0.25,0,-1,3,0.9441938,0.7957624,0.2772696,,1,1,1
11,81,0,0.1,0,0,3,0.72053,0.72053,0.206104,,1,1,1
11,82,0,0.25,0,0,3,0.7632294,0.7632294,0.224404,,1,1,1
11,83,9,0.5,0,1,3,0.7367964,0.7367964,0.2752363,,1,1,1
11,84,0,0.1,1,0,3,0.279303,0.279303,0.948261,,1,1,1
11,85,9,0.1,1,1,3,0.2488033,0.2488033,0.9096279,,1,1,1
11,86,0,0.5,1,0,3,0.2305036,0.2305036,0.5293993,,1,1,1
11,87,0,0.25,0,0,3,0.7245967,0.7245967,0.2894697,,1,1,1
11,88,9,0.5,1,1,3,0.291503,0.291503,0.9075945,,1,1,1
11,89,-15,0.1,1,-1,3,0.02717329,0.2101706,0.9685935,,1,1,1
11,90,0,0.5,0,0,3,0.8730281,0.8730281,0.3748683,,1,1,1
11,91,-15,0.1,0,-1,3,0.8872615,0.8872615,0.2142373,,1,1,1
11,92,0,0.1,1,0,3,0.2366037,0.2366037,0.7815294,,1,1,1
11,93,0,0.5,1,0,3,0.05767299,0.2488033,0.8140621,,1,1,1
11,94,0,0.5,1,0,3,0.06783926,0.291503,0.586332,,1,1,1
11,95,9,0.5,1,1,3,0.1491717,0.1491717,0.9645268,,1,1,1
11,97,-15,0.1,1,-1,3,0.02717329,0.2488033,0.8242288,,1,1,1
11,98,9,0.5,1,1,3,0.08613892,0.2569366,0.8953944,,1,1,1
11,99,-15,0.1,0,-1,3,1.0,0.8323622,0.3159027,,1,1,1
11,100,-15,0.25,0,-1,3,0.9177608,0.9177608,0.08410601,,1,1,1
11,101,9,0.1,1,1,3,0.1003723,0.533466,0.8140621,,1,1,1
11,102,0,0.1,0,0,3,0.7896624,0.7896624,0.06783926,,1,1,1
11,103,-15,0.1,0,-1,3,0.8831949,0.8831949,0.145105,,1,1,1
11,104,9,0.1,1,1,3,0.1125719,0.1125719,0.8892949,,1,1,1
11,105,0,0.25,0,0,3,1.0,0.8343955,0.1085057,,1,1,1
11,106,9,0.1,0,1,3,0.9787602,0.8079621,0.1329049,,1,1,1
11,107,9,0.25,1,1,3,0.06377258,0.1634046,0.9258941,,1,1,1
11,108,0,0.1,1,0,3,0.5,0.5,0.9380938,,1,1,1
11,109,0,0.25,1,0,3,0.5,0.5,0.9604601,,1,1,1
11,110,0,0.1,0,0,3,0.8099954,0.8099954,0.1410383,,1,1,1
11,111,-15,0.25,1,-1,3,0.2833697,0.2833697,0.9299608,,1,1,1
11,112,-15,0.5,1,-1,3,0.2162707,0.2162707,0.9523272,,1,1,1
11,113,-15,0.25,1,-1,3,0.1695047,0.1695047,0.5883654,,1,1,1
11,114,9,0.5,0,1,3,1.0,1.0,0.0,,1,1,1
11,115,0,0.5,0,0,3,1.0,0.8465951,0.02920663,,1,1,1
11,116,9,0.5,1,1,3,0.1166386,0.1166386,0.8831949,,1,1,1
11,117,9,0.25,0,1,3,0.9563939,0.9563939,0.1166386,,1,1,1
11,118,0,0.25,0,0,3,0.9096279,0.9096279,0.1125719,,1,1,1
11,119,9,0.1,0,1,3,0.8933611,0.8933611,0.171538,,1,1,1
11,120,0,0.25,0,0,3,0.7937291,0.7937291,0.0902056,,1,1,1
11,121,-15,0.1,1,-1,3,0.2671033,0.2671033,0.9502938,,1,1,1
11,122,0,0.1,0,0,3,0.9096279,0.9096279,0.0,,1,1,1
11,123,-15,0.5,0,-1,3,0.9502938,0.9502938,0.0,,1,1,1
11,124,0,0.5,1,0,3,0.25897,0.25897,0.7164634,,1,1,1
11,125,9,0.25,1,1,3,0.2569366,0.2569366,0.7713627,,1,1,1
11,126,0,0.25,1,0,3,0.2305036,0.2305036,1.0,,1,1,1
11,127,-15,0.25,1,-1,3,0.1817043,0.7428964,1.0,,1,1,1
11,128,-15,0.25,1,-1,3,0.2264369,0.2264369,0.8181288,,1,1,1
11,129,9,0.25,0,1,3,0.9645268,0.9645268,0.08613892,,1,1,1
11,130,9,0.5,0,1,3,1.0,1.0,0.05767299,,1,1,1
11,131,0,0.1,0,0,3,0.8018624,0.8018624,0.07190596,,1,1,1
11,132,9,0.1,0,1,3,0.7184967,0.7184967,0.1268053,,1,1,1
11,133,0,0.1,1,0,3,0.0,0.4562007,1.0,,1,1,1
11,134,-15,0.5,0,-1,3,0.9563939,0.8079621,0.0007402148,,1,1,1
11,135,9,0.1,1,1,3,0.06987261,0.2610033,0.8099954,,1,1,1
11,136,-15,0.1,1,-1,3,0.2345703,0.2345703,0.8323622,,1,1,1
11,137,0,0.25,1,0,3,0.05563965,0.2264369,0.7713627,,1,1,1
11,138,0,0.5,1,0,3,0.2040706,0.2040706,0.9889265,,1,1,1
11,139,-15,0.5,0,-1,3,0.9116612,0.9116612,0.1634046,,1,1,1
11,140,-15,0.25,0,-1,3,0.8933611,0.8933611,0.1329049,,1,1,1
11,141,-15,0.1,1,-1,3,0.218304,0.218304,0.7591631,,1,1,1
11,142,9,0.25,1,1,3,0.1878043,0.1878043,0.8892949,,1,1,1
11,143,-15,0.5,1,-1,3,0.179671,0.179671,0.9299608,,1,1,1
11,144,0,0.25,1,0,3,0.1207053,0.1207053,0.8892949,,1,1,1
11,145,-15,0.25,1,-1,3,0.08613889,0.25287,0.9645268,,1,1,1
11,146,-15,0.5,0,-1,3,1.0,1.0,0.09427229,,1,1,1
11,148,9,0.5,1,1,3,0.2406703,0.2406703,0.8831949,,1,1,1
11,149,-15,0.5,0,-1,3,0.8445618,0.8445618,0.1024057,,1,1,1
11,150,9,0.5,0,1,3,0.8811615,0.8811615,0.1125719,,1,1,1
11,151,-15,0.5,0,-1,3,0.9584272,0.9584272,0.1573046,,1,1,1
11,152,9,0.25,0,1,3,0.9868931,0.9868931,0.1735713,,1,1,1
11,153,9,0.1,1,1,3,0.2000044,0.2000044,0.9197941,,1,1,1
11,154,0,0.1,1,0,3,0.07800598,0.2203373,0.7591631,,1,1,1
11,155,0,0.25,1,0,3,0.1837376,0.1837376,0.9360609,,1,1,1
11,156,-15,0.25,1,-1,3,0.177638,0.177638,1.0,,1,1,1
11,158,9,0.5,1,1,3,0.05767299,0.05767299,0.8852282,,1,1,1
11,159,0,0.1,0,0,3,0.8852282,0.8852282,0.09427226,,1,1,1
11,160,-15,0.5,1,-1,3,0.1146053,0.1146053,0.9624935,,1,1,1
11,162,9,0.5,1,1,3,0.05360631,0.05360631,0.9889265,,1,1,1
11,163,0,0.5,0,0,3,1.0,1.0,0.08207267,,1,1,1
11,164,0,0.5,0,0,3,0.7713627,0.7713627,0.2162707,,1,1,1
11,165,0,0.1,1,0,3,0.1410383,0.25897,0.8099954,,1,1,1
11,166,0,0.1,0,0,3,0.7916957,0.7916957,0.1552713,,1,1,1
11,167,-15,0.25,0,-1,3,0.8059291,0.6391981,0.04750628,,1,1,1
11,168,-15,0.1,0,-1,3,0.8384622,0.7062971,0.1064723,,1,1,1
11,169,-15,0.1,0,-1,3,0.7774628,0.7774628,0.03937291,,1,1,1
11,171,0,0.5,0,0,3,0.5,0.5,0.08817226,,1,1,1
11,172,0,0.5,0,0,3,0.761196,0.761196,0.1471383,,1,1,1
11,173,0,0.5,1,0,3,0.1085057,0.1085057,0.9828265,,1,1,1
11,174,-15,0.5,1,-1,3,0.09223894,0.2345703,0.8974278,,1,1,1
11,175,9,0.1,0,1,3,0.6290314,0.6290314,0.2101706,,1,1,1
11,176,0,0.1,0,0,3,0.6432648,0.6432648,0.124772,,1,1,1
11,177,-15,0.25,0,-1,3,0.7266301,0.7266301,0.191871,,1,1,1
11,178,9,0.1,0,1,3,0.8953944,0.8953944,0.1064723,,1,1,1
11,179,9,0.25,0,1,3,0.9645268,0.9645268,0.1288387,,1,1,1
11,180,0,0.25,0,0,3,0.8323622,0.6778307,0.2000044,,1,1,1
12,2,-15,0.5,0,-1,3,0.9513938,0.7053637,0.04860659,,1,1,1
12,3,9,0.1,1,1,3,0.05063997,0.6016653,0.933094,,1,1,1
12,4,0,0.25,0,0,3,0.72773,0.72773,0.07097244,,1,1,1
12,5,9,0.5,1,1,3,0.1218052,0.1218052,0.9208944,,1,1,1
12,6,0,0.25,0,0,3,0.9534271,0.7907628,0.09740593,,1,1,1
12,7,0,0.1,0,0,3,0.7683964,0.7683964,0.2946362,,1,1,1
12,8,0,0.1,0,0,3,0.9127607,0.6728306,0.1441715,,1,1,1
12,9,-15,0.5,1,-1,3,0.1075723,0.632165,0.9086948,,1,1,1
12,10,-15,0.25,1,-1,3,0.00887364,0.2447365,0.8750613,,1,1,1
12,11,0,0.25,0,0,3,0.788729,0.788729,0.1584045,,1,1,1
12,12,-15,0.25,1,-1,3,0.1186719,0.1186719,0.7998289,,1,1,1
12,13,0,0.5,0,0,3,0.8090619,0.8090619,0.304802,,1,1,1
12,14,-15,0.25,1,-1,3,0.1685712,0.1685712,0.7948288,,1,1,1
12,15,9,0.5,1,1,3,0.2580365,0.2580365,0.9290273,,1,1,1
12,16,9,0.5,1,1,3,0.1685712,0.4268009,0.8049956,,1,1,1
12,17,9,0.1,1,1,3,0.09740555,0.339369,0.9330941,,1,1,1
12,18,9,0.1,0,1,3,0.8842948,0.8842948,0.1441716,,1,1,1
12,19,0,0.5,0,0,3,0.8171958,0.8171958,0.3820687,,1,1,1
12,20,0,0.1,1,0,3,0.111639,0.4146014,0.8253287,,1,1,1
12,21,9,0.25,0,1,3,0.8781947,0.8781947,0.2173706,,1,1,1
12,22,9,0.5,1,1,3,0.258037,0.4634011,0.9798604,,1,1,1
12,23,0,0.25,1,0,3,0.3037026,0.3037026,0.9563934,,1,1,1
12,24,0,0.5,0,0,3,0.8985276,0.8985276,0.270236,,1,1,1
12,25,-15,0.1,1,-1,3,0.1299386,0.3963012,0.8924276,,1,1,1
12,26,-15,0.1,0,-1,3,0.7419629,0.7419629,0.2600698,,1,1,1
12,27,0,0.25,0,0,3,0.8639617,0.8639617,0.2621031,,1,1,1
12,28,0,0.25,1,0,3,0.1645045,0.4512002,0.8598946,,1,1,1
12,29,0,0.5,1,0,3,0.5,0.5,0.9290273,,1,1,1
12,31,-15,0.5,1,-1,3,0.2417703,0.2417703,0.7765293,,1,1,1
12,32,0,0.25,0,0,3,0.8171957,0.451201,0.05470651,,1,1,1
12,33,-15,0.1,0,-1,3,0.7236637,0.7236636,0.3251358,,1,1,1
12,34,-15,0.5,0,-1,3,0.8253286,0.8253286,0.1706045,,1,1,1
12,35,-15,0.25,0,-1,3,0.7785627,0.7785627,0.2865027,,1,1,1
12,36,-15,0.5,1,-1,3,0.2031376,0.2031376,0.6504642,,1,1,1
12,37,0,0.1,0,0,3,0.6728311,0.6728311,0.3597019,,1,1,1
12,38,0,0.25,1,0,3,0.1970375,0.5040666,0.8639616,,1,1,1
12,39,9,0.1,0,1,3,0.8476949,0.5569322,0.1685711,,1,1,1
12,40,9,0.25,0,1,3,0.894461,0.894461,0.1258713,,1,1,1
12,41,-15,0.5,0,-1,3,0.8924276,0.8924276,0.1502714,,1,1,1
12,42,9,0.25,1,1,3,0.04860613,0.04860613,0.558966,,1,1,1
12,43,-15,0.25,1,-1,3,0.1075723,0.1075723,0.7317966,,1,1,1
12,45,0,0.5,0,0,3,0.9778267,0.9778267,0.3373355,,1,1,1
12,46,0,0.25,1,0,3,0.217371,0.217371,0.7683967,,1,1,1
12,47,0,0.5,0,0,3,0.7175636,0.7175636,0.0,,1,1,1
12,48,-15,0.25,1,-1,3,0.05267286,0.05267286,0.3739348,,1,1,1
12,49,0,0.25,0,0,3,0.8151624,0.8151624,0.2214372,,1,1,1
12,50,0,0.5,0,0,3,0.8049957,0.8049957,0.1929708,,1,1,1
12,51,9,0.5,1,1,3,0.1685712,0.1685712,0.7948288,,1,1,1
12,52,-15,0.1,1,-1,3,0.2865033,0.2865033,0.831429,,1,1,1
12,54,0,0.5,1,0,3,0.1807713,0.1807713,0.7968622,,1,1,1
12,55,9,0.1,0,1,3,0.8497283,0.8497283,0.1828045,,1,1,1
12,56,0,0.1,0,0,3,0.7927961,0.7927961,0.3393693,,1,1,1
12,57,-15,0.5,0,-1,3,0.8049956,0.8049956,0.1950045,,1,1,1
12,58,9,0.5,0,1,3,0.9940929,0.9940929,0.0,,1,1,1
12,59,-15,0.1,0,-1,3,1.0,1.0,0.09111279,,1,1,1
12,60,9,0.5,0,1,3,1.0,1.0,0.0,,1,1,1
12,61,-15,0.25,1,-1,3,0.5,0.5,0.97986,,1,1,1
12,62,9,0.25,0,1,3,1.0,0.4530407,0.0,,1,1,1
12,63,9,0.25,0,1,3,1.0,0.6726375,0.009780312,,1,1,1
12,64,0,0.1,1,0,3,0.0,0.4920597,0.7868887,,1,1,1
12,65,9,0.1,1,1,3,0.1746713,0.1746713,0.9676601,,1,1,1
12,66,0,0.25,0,0,3,0.8558283,0.8558283,0.288536,,1,1,1
12,67,0,0.5,0,0,3,0.9737599,0.70333,0.03843949,,1,1,1
12,68,9,0.1,1,1,3,0.0,0.4615601,0.876354,,1,1,1
12,69,9,0.5,1,1,3,0.0,0.0,0.8865213,,1,1,1
12,71,9,0.25,1,1,3,0.0,0.3761614,0.9556536,,1,1,1
12,72,9,0.25,1,1,3,0.1441716,0.1441716,0.9290274,,1,1,1
12,73,9,0.1,1,1,3,0.05267333,0.1584054,0.7866964,,1,1,1
12,74,-15,0.25,1,-1,3,0.06987261,0.1390049,0.9299608,,1,1,1
12,77,9,0.1,1,1,3,0.05673957,0.8842947,0.8842947,,1,1,1
12,82,0,0.5,1,0,3,0.3007363,0.3007363,0.7155303,,1,1,1
12,83,0,0.5,1,0,3,0.3109031,0.6911311,0.6911311,,1,1,1
12,84,0,0.25,1,0,3,0.3536023,0.5772659,0.8090625,,1,1,1
12,86,9,0.5,0,1,3,0.6423313,0.6423313,0.3556352,,1,1,1
12,88,-15,0.5,0,-1,3,0.8029623,0.5487992,0.08723906,,1,1,1
12,89,0,0.5,1,0,3,0.1543383,0.1543383,0.6728309,,1,1,1
12,91,9,0.25,0,1,3,0.9900268,0.6423312,0.2783694,,1,1,1
12,92,-15,0.1,0,-1,3,0.6809639,0.6809639,0.2987025,,1,1,1
12,93,9,0.25,0,1,3,0.713497,0.713497,0.258037,,1,1,1
12,94,0,0.25,1,0,3,0.2885366,0.2885366,0.7968626,,1,1,1
12,95,9,0.1,0,1,3,0.6301317,0.6301317,0.3373361,,1,1,1
12,96,9,0.5,0,1,3,0.672831,0.672831,0.286503,,1,1,1
12,97,0,0.1,1,0,3,0.325136,0.325136,0.7541634,,1,1,1
12,98,9,0.25,1,1,3,0.2406703,0.2406703,0.6920636,,1,1,1
12,99,-15,0.25,0,-1,3,0.833462,0.7277303,0.378002,,1,1,1
12,100,-15,0.1,1,-1,3,0.3393686,0.3393686,0.7216299,,1,1,1
12,101,9,0.25,1,1,3,0.3088692,0.3088692,0.6545309,,1,1,1
12,102,0,0.25,0,0,3,0.6646976,0.6646976,0.3759687,,1,1,1
12,103,9,0.1,1,1,3,0.27837,0.27837,0.6728309,,1,1,1
12,104,0,0.5,1,0,3,0.2702362,0.2702362,0.7236628,,1,1,1
12,105,9,0.5,0,1,3,0.7114636,0.7114636,0.2682032,,1,1,1
12,106,0,0.1,1,0,3,0.1828047,0.1828047,0.567099,,1,1,1
12,107,9,0.25,1,1,3,0.2458369,0.2458369,0.7277299,,1,1,1
12,108,-15,0.25,0,-1,3,0.6707973,0.6707973,0.2641362,,1,1,1
12,109,0,0.1,0,0,3,0.6707973,0.6707973,0.3210689,,1,1,1
12,110,9,0.5,0,1,3,0.8659946,0.8659946,0.3353021,,1,1,1
12,112,-15,0.1,0,-1,3,0.8883614,0.4857665,0.2682028,,1,1,1
12,113,9,0.25,0,1,3,0.8985277,0.4634002,0.1543378,,1,1,1
12,116,0,0.1,1,0,3,0.325136,0.325136,0.719597,,1,1,1
12,117,-15,0.1,0,-1,3,0.9147944,0.4634006,0.1909379,,1,1,1
12,118,9,0.25,1,1,3,0.165438,0.165438,0.7794961,,1,1,1
12,119,-15,0.1,1,-1,3,0.333269,0.333269,0.6728306,,1,1,1
12,120,0,0.25,0,0,3,0.526433,0.526433,0.3088697,,1,1,1
12,121,-15,0.1,1,-1,3,0.2763367,0.2763367,0.6585981,,1,1,1
12,122,0,0.1,0,0,3,0.6972306,0.6972306,0.2194043,,1,1,1
12,123,9,0.1,0,1,3,0.8090623,0.4878003,0.09740543,,1,1,1
12,124,-15,0.25,0,-1,3,0.7256966,0.7256966,0.3271688,,1,1,1
12,125,-15,0.1,0,-1,3,0.7622963,0.7622963,0.2621031,,1,1,1
12,126,9,0.25,1,1,3,0.178738,0.178738,0.7765293,,1,1,1
12,127,9,0.1,0,1,3,0.6707973,0.6707973,0.2804025,,1,1,1
12,128,9,0.1,0,1,3,0.6768973,0.6768973,0.3027696,,1,1,1
12,130,-15,0.25,1,-1,3,0.5,0.5,0.748063,,1,1,1
12,131,0,0.5,0,0,3,0.5,0.5,0.1258719,,1,1,1
12,132,9,0.1,0,1,3,0.6077654,0.6077654,0.03843983,,1,1,1
12,133,-15,0.5,1,-1,3,0.27227,0.27227,0.6667309,,1,1,1
12,134,-15,0.25,0,-1,3,0.6463976,0.3698682,0.1035052,,1,1,1
12,135,-15,0.5,0,-1,3,0.5,0.5,0.1035056,,1,1,1
12,136,9,0.5,0,1,3,0.8110957,0.8110957,0.1380718,,1,1,1
12,137,-15,0.5,0,-1,3,0.9025947,0.9025947,0.1258722,,1,1,1
12,138,-15,0.25,0,-1,3,0.7927961,0.7927961,0.2935364,,1,1,1
12,139,0,0.5,1,0,3,0.26507,0.26507,0.8506617,,1,1,1
12,140,0,0.1,1,0,3,0.251937,0.251937,0.7439962,,1,1,1
12,141,-15,0.25,0,-1,3,0.766363,0.766363,0.07503913,,1,1,1
12,142,9,0.1,1,1,3,0.118672,0.118672,0.7733961,,1,1,1
12,143,9,0.5,1,1,3,0.0526729,0.0526729,0.7988956,,1,1,1
12,144,0,0.1,1,0,3,0.2743033,0.2743033,0.7073969,,1,1,1
12,145,-15,0.25,0,-1,3,0.8323616,0.8323616,0.1959371,,1,1,1
12,146,0,0.5,1,0,3,0.178738,0.178738,0.6524979,,1,1,1
12,147,0,0.1,0,0,3,0.7968627,0.7968627,0.165438,,1,1,1
12,148,9,0.25,0,1,3,0.8913277,0.8913277,0.2101706,,1,1,1
12,149,9,0.1,0,1,3,0.9147944,0.4837336,0.06487282,,1,1,1
12,150,9,0.5,1,1,3,0.2234707,0.2234707,0.701297,,1,1,1
12,151,9,0.1,0,1,3,0.9818934,0.9818934,0.07393927,,1,1,1
12,152,-15,0.1,0,-1,3,0.8822613,0.8822613,0.1665378,,1,1,1
12,153,-15,0.1,1,-1,3,0.1157057,0.1157057,0.8964947,,1,1,1
12,154,-15,0.5,0,-1,3,0.7724626,0.7724626,0.09740553,,1,1,1
12,155,9,0.25,0,1,3,0.7683964,0.7683964,0.2438035,,1,1,1
12,156,-15,0.1,1,-1,3,0.2600699,0.2600699,0.6809639,,1,1,1
12,157,0,0.5,0,0,3,0.7887293,0.7887293,0.3027696,,1,1,1
12,158,9,0.25,1,1,3,0.2661704,0.2661704,0.6646981,,1,1,1
12,159,0,0.25,1,0,3,0.258037,0.258037,0.7846626,,1,1,1
12,160,0,0.1,1,0,3,0.2905696,0.2905696,0.660631,,1,1,1
12,161,0,0.25,1,0,3,0.2234706,0.2234706,0.7683963,,1,1,1
12,162,-15,0.5,0,-1,3,0.8171957,0.8171957,0.2153371,,1,1,1
12,163,9,0.1,1,1,3,0.219404,0.219404,0.74603,,1,1,1
12,164,0,0.1,1,0,3,0.2987026,0.2987026,0.6972303,,1,1,1
12,165,9,0.25,0,1,3,0.8456616,0.8456616,0.3902012,,1,1,1
12,167,0,0.25,1,0,3,0.2783701,0.2783701,0.7277305,,1,1,1
12,168,0,0.5,1,0,3,0.2539703,0.2539703,0.7378967,,1,1,1
12,169,-15,0.1,1,-1,3,0.1746713,0.1746713,0.7815294,,1,1,1
12,170,-15,0.1,1,-1,3,0.2438036,0.2438036,0.6951969,,1,1,1
12,172,-15,0.5,1,-1,3,0.26007,0.26007,0.6036983,,1,1,1
12,173,0,0.25,1,0,3,0.3007364,0.3007364,0.6280984,,1,1,1
12,174,9,0.5,1,1,3,0.2600699,0.2600699,0.6728305,,1,1,1
12,175,-15,0.1,0,-1,3,0.579299,0.579299,0.3088697,,1,1,1
12,176,-15,0.5,1,-1,3,0.3495353,0.3495353,0.6606309,,1,1,1
12,177,9,0.1,1,1,3,0.3027697,0.3027697,0.7358634,,1,1,1
12,179,0,0.5,1,0,3,0.3739354,0.3739354,0.6077654,,1,1,1
12,180,9,0.5,0,1,3,0.6402979,0.6402979,0.1685712,,1,1,1
13,1,9,0.25,0,1,3,1.0,1.0,0.4896405,,1,1,1
13,2,9,0.25,1,1,3,0.5,0.5,1.0,,1,1,1
13,4,0,0.25,1,0,3,0.0,0.0,1.0,,1,1,1
13,6,9,0.1,0,1,3,1.0,1.0,0.5506396,,1,1,1
13,8,0,0.25,0,0,3,1.0,1.0,0.5059069,,1,1,1
13,9,0,0.25,1,0,3,0.5,0.5,1.0,,1,1,1
13,10,0,0.5,1,0,3,0.2194039,0.2194039,1.0,,1,1,1
13,11,0,0.1,0,0,3,1.0,1.0,0.53234,,1,1,1
13,12,0,0.5,1,0,3,0.2031376,0.2031376,0.8924279,,1,1,1
13,13,0,0.1,1,0,3,0.5,0.5,1.0,,1,1,1
13,14,0,0.1,1,0,3,0.5,0.5,1.0,,1,1,1
13,15,9,0.1,1,1,3,0.5,0.5,1.0,,1,1,1
13,16,9,0.1,1,1,3,0.0,0.6709903,1.0,,1,1,1
13,18,9,0.5,1,1,3,0.0,0.0,1.0,,1,1,1
13,19,9,0.25,1,1,3,0.0,0.0,1.0,,1,1,1
13,20,9,0.1,1,1,3,0.1726379,0.1726379,0.886328,,1,1,1
13,24,0,0.1,1,0,3,0.0,0.5022261,1.0,,1,1,1
13,25,0,0.25,1,0,3,0.0,0.4981593,1.0,,1,1,1
13,27,-15,0.5,0,-1,3,1.0,1.0,0.5099732,,1,1,1
13,28,0,0.5,1,0,3,0.0,0.0,0.7340227,,1,1,1
13,29,0,0.1,0,0,3,1.0,1.0,0.5099735,,1,1,1
13,31,0,0.5,0,0,3,1.0,1.0,0.6035051,,1,1,1
13,32,0,0.5,0,0,3,1.0,1.0,0.611639,,1,1,1
13,33,0,0.1,1,0,3,0.319036,0.319036,0.7887294,,1,1,1
13,34,9,0.1,0,1,3,0.9249608,0.72163,0.4918666,,1,1,1
13,36,9,0.25,0,1,3,0.9391937,0.9391937,0.5589656,,1,1,1
13,37,0,0.5,0,0,3,1.0,1.0,0.5262398,,1,1,1
13,38,0,0.5,0,0,3,1.0,1.0,0.5445395,,1,1,1
13,39,-15,0.5,0,-1,3,1.0,1.0,0.5933388,,1,1,1
13,43,9,0.5,1,1,3,0.0,0.0,1.0,,1,1,1
13,44,9,0.5,1,1,3,0.2011043,0.2011043,1.0,,1,1,1
13,45,0,0.25,0,0,3,1.0,1.0,0.5913055,,1,1,1
13,46,9,0.25,0,1,3,1.0,0.7234702,0.4745004,,1,1,1
13,47,0,0.25,1,0,3,0.0,0.481893,1.0,,1,1,1
13,48,0,0.25,1,0,3,0.0,0.1158983,1.0,,1,1,1
13,49,0,0.1,0,0,3,1.0,0.9024013,0.497773,,1,1,1
13,51,9,0.25,0,1,3,1.0,0.6096051,0.2781768,,1,1,1
13,53,9,0.1,1,1,3,0.178738,0.5822654,0.846595,,1,1,1
13,55,9,0.25,1,1,3,0.08927214,0.2539698,0.8802279,,1,1,1
13,56,0,0.25,0,0,3,1.0,1.0,0.3443686,,1,1,1
13,57,0,0.5,1,0,3,0.03530666,0.03530666,0.759163,,1,1,1
13,58,-15,0.25,0,-1,3,1.0,1.0,0.4632076,,1,1,1
13,61,-15,0.25,0,-1,3,1.0,0.8698688,0.6035057,,1,1,1
13,62,0,0.25,1,0,3,0.1482382,0.2987029,0.878195,,1,1,1
13,63,9,0.25,0,1,3,1.0,1.0,0.2232774,,1,1,1
13,64,9,0.5,0,1,3,1.0,1.0,0.4672742,,1,1,1
13,66,9,0.1,0,1,3,1.0,0.7682033,0.55064,,1,1,1
13,67,9,0.1,1,1,3,0.5,0.6931641,0.9046282,,1,1,1
13,70,9,0.1,0,1,3,0.9554604,0.8822613,0.5304995,,1,1,1
13,72,0,0.5,0,0,3,1.0,1.0,0.5018402,,1,1,1
13,73,0,0.1,1,0,3,0.1950043,0.5345659,0.8232954,,1,1,1
13,74,9,0.5,1,1,3,0.5,0.5,0.8517618,,1,1,1
13,75,-15,0.5,0,-1,3,1.0,0.8373356,0.5242065,,1,1,1
13,76,9,0.5,0,1,3,1.0,0.7844696,0.4632076,,1,1,1
13,77,-15,0.25,0,-1,3,1.0,1.0,0.6136719,,1,1,1
13,80,9,0.1,1,1,3,0.4695003,0.7988953,0.9412271,,1,1,1
13,81,9,0.5,0,1,3,0.7907628,0.7907628,0.2844699,,1,1,1
13,82,0,0.1,0,0,3,0.7887294,0.4756003,0.1360382,,1,1,1
13,84,0,0.1,0,0,3,1.0,0.7499036,0.5160735,,1,1,1
13,85,0,0.5,0,0,3,1.0,1.0,0.5221732,,1,1,1
13,86,9,0.5,1,1,3,0.0,0.0,0.908887,,1,1,1
13,87,0,0.1,0,0,3,1.0,1.0,0.5343727,,1,1,1
13,88,0,0.5,0,0,3,0.7724626,0.7724626,0.2275372,,1,1,1
13,89,0,0.1,1,0,3,0.27837,0.5447331,0.8009295,,1,1,1
13,92,9,0.5,0,1,3,1.0,0.8922346,0.4876068,,1,1,1
13,94,0,0.25,0,0,3,0.9574937,0.658598,0.4207012,,1,1,1
13,95,9,0.25,0,1,3,1.0,0.8637686,0.5709726,,1,1,1
13,96,9,0.1,0,1,3,1.0,0.5913056,0.0,,1,1,1
13,97,9,0.5,1,1,3,0.0,0.0,0.9007537,,1,1,1
13,99,9,0.1,1,1,3,0.0,0.5375327,0.9706268,,1,1,1
13,100,0,0.1,1,0,3,0.0,0.4818934,0.8031555,,1,1,1
13,101,0,0.5,1,0,3,0.2397374,0.2397374,0.75213,,1,1,1
13,103,0,0.5,1,0,3,0.205171,0.205171,0.7846627,,1,1,1
13,104,9,0.25,0,1,3,0.9961269,0.9961269,0.4939004,,1,1,1
13,105,0,0.1,0,0,3,1.0,0.7377036,0.5018402,,1,1,1
13,106,0,0.25,1,0,3,0.08520593,0.08520593,0.7236633,,1,1,1
13,109,0,0.1,1,0,3,0.339369,0.5569323,1.0,,1,1,1
13,110,0,0.5,1,0,3,0.0,0.0,0.5184928,,1,1,1
13,111,9,0.5,0,1,3,1.0,1.0,0.5303065,,1,1,1
13,112,9,0.25,1,1,3,0.02217364,0.4837337,1.0,,1,1,1
13,113,0,0.1,0,0,3,1.0,0.5262398,0.001646965,,1,1,1
13,117,0,0.25,1,0,3,0.2478703,0.5447326,0.8436282,,1,1,1
13,118,9,0.1,1,1,3,0.08723877,0.5162657,1.0,,1,1,1
13,121,9,0.5,1,1,3,0.5,0.5386326,1.0,,1,1,1
13,122,9,0.5,1,1,3,0.09943932,0.09943932,0.6972311,,1,1,1
13,123,9,0.25,1,1,3,0.04047332,0.04047332,0.7378968,,1,1,1
13,126,9,0.1,0,1,3,1.0,0.5404729,0.0,,1,1,1
13,127,9,0.1,0,1,3,1.0,0.5343727,0.01994659,,1,1,1
13,129,9,0.25,0,1,3,1.0,0.6014718,0.0,,1,1,1
13,131,9,0.1,1,1,3,0.1116389,0.5630326,1.0,,1,1,1
13,132,9,0.25,1,1,3,0.0364066,0.0364066,0.7663625,,1,1,1
13,135,0,0.1,1,0,3,0.2885363,0.5040662,0.8456613,,1,1,1
13,136,0,0.25,0,0,3,0.8558283,0.7460296,0.3312351,,1,1,1
13,139,0,0.25,0,0,3,0.926994,0.926994,0.4979666,,1,1,1
13,140,0,0.25,1,0,3,0.0,0.0,0.5245928,,1,1,1
13,141,0,0.25,0,0,3,0.9371604,0.7582293,0.3759682,,1,1,1
13,143,9,0.5,0,1,3,0.886328,0.886328,0.4776336,,1,1,1
13,144,9,0.25,0,1,3,0.8070289,0.8070289,0.3068362,,1,1,1
13,145,9,0.25,1,1,3,0.2987025,0.2987025,0.8273619,,1,1,1
13,147,9,0.5,0,1,3,0.9249608,0.9249608,0.5060996,,1,1,1
13,150,0,0.5,1,0,3,0.06987256,0.5497321,0.9787595,,1,1,1
13,151,9,0.5,1,1,3,0.04047331,0.04047331,0.9188611,,1,1,1
13,152,0,0.5,1,0,3,0.05470661,0.05470661,1.0,,1,1,1
13,154,9,0.5,0,1,3,0.97376,0.97376,0.5415994,,1,1,1
13,156,9,0.25,0,1,3,0.9879935,0.8863285,0.4756007,,1,1,1
13,157,9,0.5,1,1,3,0.04860621,0.04860621,0.9188605,,1,1,1
13,158,9,0.1,0,1,3,1.0,0.5384395,0.0,,1,1,1
13,159,9,0.1,1,1,3,0.2763362,0.8822613,0.8822613,,1,1,1
13,163,0,0.25,0,0,3,0.906661,0.6728305,0.4837331,,1,1,1
13,164,9,0.1,0,1,3,0.9757935,0.5386326,0.0,,1,1,1
13,165,9,0.25,1,1,3,0.0953722,0.5284662,1.0,,1,1,1
13,166,0,0.5,1,0,3,0.07503963,0.07503963,0.8375291,,1,1,1
13,167,0,0.25,0,0,3,0.9208941,0.639198,0.08003922,,1,1,1
13,168,0,0.25,0,0,3,0.9290279,0.507033,0.09630559,,1,1,1
13,169,9,0.5,0,1,3,1.0,1.0,0.2110778,,1,1,1
13,170,0,0.25,1,0,3,0.1360386,0.1360386,1.0,,1,1,1
13,171,9,0.5,0,1,3,1.0,1.0,0.06671268,,1,1,1
13,175,0,0.1,1,0,3,0.0628396,0.5151663,1.0,,1,1,1
13,177,0,0.5,0,0,3,0.8903947,0.7988956,0.1563715,,1,1,1
13,179,0,0.5,0,0,3,0.9086943,0.9086943,0.0892725,,1,1,1
13,180,0,0.1,0,0,3,0.9046277,0.5528659,0.0,,1,1,1
14,2,-15,0.1,0,-1,3,1.0,0.5303062,0.0,,1,1,1
14,3,9,0.25,1,1,3,0.0,1.0,1.0,,1,1,1
14,9,9,0.1,0,1,3,1.0,0.5038735,0.0,,1,1,1
14,22,-15,0.5,1,-1,3,0.0,0.0,1.0,,1,1,1
14,23,0,0.25,1,0,3,0.0,0.0,1.0,,1,1,1
14,25,9,0.1,1,1,3,0.0,0.0,1.0,,1,1,1
14,29,0,0.5,0,0,3,1.0,1.0,0.0,,1,1,1
14,30,-15,0.25,1,-1,3,0.0,0.0,1.0,,1,1,1
14,31,0,0.1,1,0,3,0.0,0.0,1.0,,1,1,1
14,34,9,0.1,0,1,3,1.0,1.0,0.0,,1,1,1
14,35,0,0.25,0,0,3,1.0,1.0,0.0,,1,1,1
14,38,9,0.1,0,1,3,1.0,1.0,0.0,,1,1,1
14,39,-15,0.1,1,-1,3,0.0,0.0,1.0,,1,1,1
14,40,-15,0.1,0,-1,3,1.0,1.0,0.0,,1,1,1
14,41,-15,0.25,0,-1,3,1.0,1.0,0.0,,1,1,1
14,42,-15,0.25,0,-1,3,1.0,1.0,0.0,,1,1,1
14,43,-15,0.5,0,-1,3,1.0,1.0,0.0,,1,1,1
14,45,0,0.25,1,0,3,0.0,0.0,1.0,,1,1,1
14,46,0,0.25,1,0,3,0.0,0.0,0.5123926,,1,1,1
14,50,9,0.25,0,1,3,1.0,1.0,0.0,,1,1,1
14,51,0,0.5,0,0,3,1.0,1.0,0.0,,1,1,1
14,53,0,0.5,0,0,3,1.0,1.0,0.0,,1,1,1
14,54,9,0.1,0,1,3,0.9981598,0.9981598,0.0,,1,1,1
14,55,-15,0.1,0,-1,3,1.0,1.0,0.0,,1,1,1
14,56,-15,0.5,0,-1,3,1.0,1.0,0.0,,1,1,1
14,57,9,0.25,1,1,3,0.0,0.0,1.0,,1,1,1
14,58,0,0.25,0,0,3,1.0,1.0,0.0,,1,1,1
14,59,0,0.1,1,0,3,0.0,0.0,1.0,,1,1,1
14,60,9,0.1,0,1,3,1.0,1.0,0.0,,1,1,1
14,61,0,0.5,1,0,3,0.0,0.0,0.5001926,,1,1,1
14,63,-15,0.25,0,-1,3,1.0,1.0,0.0,,1,1,1
14,65,0,0.1,0,0,3,1.0,1.0,0.0,,1,1,1
14,66,-15,0.5,0,-1,3,1.0,1.0,0.0,,1,1,1
14,67,-15,0.25,1,-1,3,0.0,0.0,0.7767223,,1,1,1
14,68,0,0.25,0,0,3,0.5,0.5,0.0,,1,1,1
14,71,9,0.5,1,1,3,0.0,0.0,0.46766,,1,1,1
14,72,0,0.1,1,0,3,0.0,0.0,0.487993,,1,1,1
14,73,-15,0.1,1,-1,3,0.0,0.0,1.0,,1,1,1
14,74,0,0.5,1,0,3,0.0,0.0,0.6689569,,1,1,1
14,75,0,0.1,0,0,3,0.5,0.5,0.0,,1,1,1
14,76,-15,0.25,0,-1,3,0.5,0.5,0.0,,1,1,1
14,77,9,0.5,1,1,3,0.0,0.0,0.5469586,,1,1,1
14,78,0,0.25,1,0,3,0.0,0.0,0.5184927,,1,1,1
14,79,9,0.1,1,1,3,0.0,0.0,0.4778267,,1,1,1
14,80,9,0.25,0,1,3,0.5,0.5,0.0,,1,1,1
14,81,0,0.5,1,0,3,0.0,0.0,0.4656266,,1,1,1
14,83,-15,0.25,1,-1,3,0.0,0.0,0.5266261,,1,1,1
14,84,-15,0.1,0,-1,3,1.0,1.0,0.4916735,,1,1,1
14,85,9,0.5,1,1,3,0.0,0.0,0.514426,,1,1,1
14,86,9,0.25,0,1,3,0.5,0.5,0.0,,1,1,1
14,87,-15,0.5,0,-1,3,1.0,1.0,0.0,,1,1,1
14,88,-15,0.25,0,-1,3,1.0,1.0,0.0,,1,1,1
14,89,-15,0.25,0,-1,3,1.0,1.0,0.0,,1,1,1
14,91,9,0.5,0,1,3,0.5,0.5,0.0,,1,1,1
14,92,9,0.5,0,1,3,0.5,0.5,0.0,,1,1,1
14,93,-15,0.1,1,-1,3,0.0,0.5022264,1.0,,1,1,1
14,94,0,0.5,1,0,3,0.0,0.0,0.4859597,,1,1,1
14,95,-15,0.25,1,-1,3,0.0,0.0,0.494093,,1,1,1
14,96,-15,0.25,1,-1,3,0.0,0.0,0.5469586,,1,1,1
14,97,0,0.25,1,0,3,0.0,0.0,0.4473265,,1,1,1
14,98,0,0.25,0,0,3,1.0,1.0,0.4916739,,1,1,1
14,99,9,0.25,0,1,3,1.0,1.0,0.0,,1,1,1
14,100,0,0.5,0,0,3,1.0,1.0,0.0,,1,1,1
14,101,0,0.1,0,0,3,1.0,1.0,0.0,,1,1,1
14,102,9,0.25,1,1,3,0.0,0.0,1.0,,1,1,1
14,103,0,0.5,0,0,3,1.0,1.0,0.4876072,,1,1,1
14,104,-15,0.5,1,-1,3,0.0,0.0,1.0,,1,1,1
14,105,9,0.1,1,1,3,0.5,0.5,1.0,,1,1,1
14,106,0,0.5,0,0,3,1.0,1.0,0.4916734,,1,1,1
14,107,9,0.5,0,1,3,1.0,1.0,0.5628392,,1,1,1
14,108,-15,0.1,0,-1,3,1.0,1.0,0.4815072,,1,1,1
14,109,-15,0.1,0,-1,3,1.0,1.0,0.0,,1,1,1
14,110,0,0.1,0,0,3,1.0,1.0,0.0,,1,1,1
14,111,-15,0.5,0,-1,3,1.0,1.0,0.0,,1,1,1
14,112,0,0.25,0,0,3,1.0,1.0,0.0,,1,1,1
14,113,-15,0.5,1,-1,3,0.0,0.0,1.0,,1,1,1
14,114,0,0.1,0,0,3,1.0,1.0,0.0,,1,1,1
14,115,-15,0.25,1,-1,3,0.0,0.0,0.4981593,,1,1,1
14,117,9,0.5,1,1,3,0.0,0.0,1.0,,1,1,1
14,118,0,0.1,1,0,3,0.0,0.4839263,1.0,,1,1,1
14,119,9,0.5,1,1,3,0.0,0.0,1.0,,1,1,1
14,120,9,0.1,1,1,3,0.0,0.0,0.4778267,,1,1,1
14,121,9,0.25,1,1,3,0.0,0.0,0.4920596,,1,1,1
14,122,0,0.5,1,0,3,0.0,0.0,0.4920598,,1,1,1
14,123,0,0.5,0,0,3,0.5,0.5,0.0,,1,1,1
14,124,0,0.25,0,0,3,0.5,0.5,0.0,,1,1,1
14,125,0,0.1,0,0,3,1.0,1.0,0.0,,1,1,1
14,126,0,0.25,1,0,3,0.0,0.0,1.0,,1,1,1
14,127,0,0.5,1,0,3,0.0,0.0,0.5001925,,1,1,1
14,128,0,0.5,0,0,3,1.0,1.0,0.0,,1,1,1
14,129,0,0.5,1,0,3,0.0,0.0,1.0,,1,1,1
14,130,9,0.25,0,1,3,1.0,1.0,0.0,,1,1,1
14,131,0,0.1,1,0,3,0.0,0.0,1.0,,1,1,1
14,132,9,0.1,0,1,3,1.0,0.5872388,0.0,,1,1,1
14,133,-15,0.25,0,-1,3,1.0,1.0,0.0,,1,1,1
14,134,9,0.5,1,1,3,0.0,0.0,1.0,,1,1,1
14,135,-15,0.5,0,-1,3,1.0,1.0,0.0,,1,1,1
14,136,-15,0.5,1,-1,3,0.0,0.0,1.0,,1,1,1
14,137,9,0.1,1,1,3,0.0,0.0,0.519233,,1,1,1
14,138,-15,0.5,1,-1,3,0.0,0.0,0.7787553,,1,1,1
14,139,0,0.1,1,0,3,0.0,0.0,0.9881867,,1,1,1
14,140,0,0.25,0,0,3,1.0,1.0,0.0,,1,1,1
14,141,9,0.1,0,1,3,1.0,1.0,0.0,,1,1,1
14,142,9,0.25,1,1,3,0.0,0.0,0.5266262,,1,1,1
14,143,0,0.25,1,0,3,0.0,0.0,0.4582337,,1,1,1
14,144,0,0.1,1,0,3,0.0,0.0,0.439934,,1,1,1
14,145,9,0.1,0,1,3,1.0,1.0,0.00887364,,1,1,1
14,146,0,0.1,0,0,3,1.0,1.0,0.04750628,,1,1,1
14,147,-15,0.25,1,-1,3,0.0,0.0,0.4684004,,1,1,1
14,148,0,0.5,0,0,3,0.5,0.5,0.0,,1,1,1
14,149,-15,0.1,1,-1,3,0.0,0.0,0.4907667,,1,1,1
14,150,9,0.5,0,1,3,1.0,1.0,0.02107326,,1,1,1
14,151,9,0.25,0,1,3,1.0,1.0,0.01700657,,1,1,1
14,152,9,0.5,0,1,3,1.0,1.0,0.0007402693,,1,1,1
14,153,0,0.1,0,0,3,1.0,1.0,0.0,,1,1,1
14,154,-15,0.5,1,-1,3,0.0,0.0,1.0,,1,1,1
14,155,9,0.5,1,1,3,0.0,0.0,0.4554604,,1,1,1
14,156,9,0.5,0,1,3,1.0,1.0,0.0,,1,1,1
14,157,0,0.25,1,0,3,0.0,0.0,0.4643337,,1,1,1
14,158,9,0.25,1,1,3,0.0,0.0,0.5029668,,1,1,1
14,159,9,0.5,0,1,3,1.0,1.0,0.0231066,,1,1,1
14,160,-15,0.25,1,-1,3,0.0,0.0,0.9441938,,1,1,1
14,161,0,0.5,1,0,3,0.0,0.0,1.0,,1,1,1
14,162,9,0.1,1,1,3,0.0,0.0,0.5029668,,1,1,1
14,163,9,0.1,1,1,3,0.0,0.4968667,1.0,,1,1,1
14,164,-15,0.25,0,-1,3,1.0,1.0,0.0,,1,1,1
14,165,9,0.1,1,1,3,0.0,0.0,1.0,,1,1,1
14,166,-15,0.1,1,-1,3,0.0,0.0,0.7042637,,1,1,1
14,167,9,0.25,0,1,3,1.0,1.0,0.0,,1,1,1
14,168,9,0.5,0,1,3,1.0,1.0,0.0,,1,1,1
14,169,-15,0.1,1,-1,3,0.0,0.4765337,1.0,,1,1,1
14,170,0,0.1,1,0,3,0.0,0.0,0.4867,,1,1,1
14,171,9,0.1,1,1,3,0.0,0.0,1.0,,1,1,1
14,172,-15,0.25,0,-1,3,1.0,1.0,0.01294032,,1,1,1
14,173,-15,0.1,0,-1,3,1.0,1.0,0.02107326,,1,1,1
14,174,0,0.25,1,0,3,0.0,0.0,0.5029668,,1,1,1
14,175,9,0.25,1,1,3,0.0,0.0,0.507033,,1,1,1
14,176,0,0.25,1,0,3,0.0,0.0,0.5009334,,1,1,1
14,177,-15,0.1,0,-1,3,1.0,1.0,0.0,,1,1,1
14,178,0,0.1,1,0,3,0.0,0.0,0.4846667,,1,1,1
14,179,9,0.1,1,1,3,0.0,0.0,0.4826333,,1,1,1
14,180,9,0.25,1,1,3,0.0,0.0,1.0,,1,1,1
